id,main_weapon_id,affinity_id,str_scaling,dex_scaling,int_scaling,fai_scaling,arc_scaling
1,1,1,35,65,0,0,0
2,1,2,55,0,0,0,0
3,1,3,20,70,0,0,0
4,1,4,63,63,0,0,0
5,1,5,47,10,0,0,0
6,1,6,10,19,0,55,0
7,1,7,10,47,0,0,0
8,1,8,10,19,0,55,0
9,1,9,10,19,56,0,0
10,1,10,31,58,52,0,0
11,1,11,33,61,0,0,30
12,1,12,33,61,0,0,30
13,1,13,14,26,0,0,85
14,2,,10,55,0,35,0
15,3,1,16,76,0,0,0
16,3,2,55,0,0,0,0
17,3,3,9,74,0,0,0
18,3,4,64,64,0,0,0
19,3,5,46,9,0,0,0
20,3,6,4,22,0,50,0
21,3,7,9,46,0,0,0
22,3,8,4,22,0,50,0
23,3,9,4,22,55,0,0
24,3,10,14,68,41,0,0
25,3,11,15,72,0,0,30
26,3,12,15,72,0,0,30
27,3,13,6,30,0,0,78
28,4,1,15,50,0,0,0
29,4,2,38,0,0,0,0
30,4,3,13,48,0,0,0
31,4,4,45,45,0,0,0
32,4,5,29,6,0,0,0
33,4,6,4,15,0,26,0
34,4,7,6,29,0,0,0
35,4,8,4,15,0,26,0
36,4,9,4,15,29,0,0
37,4,10,13,45,22,0,0
38,4,11,14,47,0,0,30
39,4,12,14,47,0,0,30
40,4,13,6,20,0,0,58
41,5,,10,40,0,0,55
42,6,,40,25,50,0,0
43,7,1,15,67,0,0,0
44,7,2,49,0,0,0,0
45,7,3,16,69,0,0,0
46,7,4,57,57,0,0,0
47,7,5,41,8,0,0,0
48,7,6,4,20,0,44,0
49,7,7,8,41,0,0,0
50,7,8,4,20,0,44,0
51,7,9,4,20,48,0,0
52,7,10,13,60,36,0,0
53,7,11,14,63,0,0,30
54,7,12,14,63,0,0,30
55,7,13,6,26,0,0,73
56,8,,10,45,40,0,0
57,9,,30,70,0,0,0
58,10,1,5,80,0,0,0
59,10,2,54,0,0,0,0
60,10,3,17,72,0,0,0
61,10,4,62,62,0,0,0
62,10,5,46,8,0,0,0
63,10,6,4,24,0,51,0
64,10,7,8,46,0,0,0
65,10,8,4,24,0,51,0
66,10,9,4,24,55,0,0
67,10,10,4,72,42,0,0
68,10,11,4,76,0,0,30
69,10,12,4,76,0,0,30
70,10,13,4,32,0,0,80
71,11,1,34,45,0,0,0
72,11,2,44,0,0,0,0
73,11,3,7,45,0,0,0
74,11,4,55,55,0,0,0
75,11,5,34,7,0,0,0
76,11,6,10,13,0,37,0
77,11,7,7,34,0,0,0
78,11,8,10,13,0,37,0
79,11,9,10,13,39,0,0
80,11,10,30,40,35,0,0
81,11,11,32,42,0,0,30
82,11,12,32,42,0,0,30
83,11,13,13,18,0,0,67
84,12,,57,17,0,0,0
85,13,,23,59,40,0,0
86,14,1,70,20,0,0,0
87,14,2,67,0,0,0,0
88,14,3,13,48,0,0,0
89,14,4,58,58,0,0,0
90,14,5,43,9,0,0,0
91,14,6,21,6,0,46,0
92,14,7,9,43,0,0,0
93,14,8,21,6,0,46,0
94,14,9,21,6,50,0,0
95,14,10,63,18,40,0,0
96,14,11,66,19,0,0,30
97,14,12,66,19,0,0,30
98,14,13,28,8,0,0,76
99,15,1,30,30,0,30,0
100,15,2,50,0,0,24,0
101,15,3,9,52,0,24,0
102,15,4,63,63,0,24,0
103,15,5,41,9,0,24,0
104,15,6,9,9,0,55,0
105,15,7,9,41,0,24,0
106,15,8,9,9,0,55,0
107,15,9,9,9,50,24,0
108,15,10,27,27,49,24,0
109,15,11,28,28,0,24,30
110,15,12,28,28,0,24,30
111,15,13,12,12,0,24,79
112,16,,25,38,0,75,0
113,17,1,50,33,0,0,0
114,17,2,48,0,0,0,0
115,17,3,8,46,0,0,0
116,17,4,56,56,0,0,0
117,17,5,35,8,0,0,0
118,17,6,10,6,0,42,0
119,17,7,8,35,0,0,0
120,17,8,10,6,0,42,0
121,17,9,7,4,43,0,0
122,17,10,45,29,40,0,0
123,17,11,47,31,0,0,30
124,17,12,47,31,0,0,30
125,17,13,20,13,0,0,70
126,18,1,37,48,0,0,0
127,18,2,47,0,0,0,0
128,18,3,8,63,0,0,0
129,18,4,55,55,0,0,0
130,18,5,37,8,0,0,0
131,18,6,7,9,0,46,0
132,18,7,8,37,0,0,0
133,18,8,7,9,0,46,0
134,18,9,5,7,46,0,0
135,18,10,33,43,42,0,0
136,18,11,35,45,0,0,30
137,18,12,35,45,0,0,30
138,18,13,14,19,0,0,72
139,19,1,55,22,0,0,0
140,19,2,57,0,0,0,0
141,19,3,7,41,0,0,0
142,19,4,50,50,0,0,0
143,19,5,32,7,0,0,0
144,19,6,11,4,0,36,0
145,19,7,7,32,0,0,0
146,19,8,11,4,0,36,0
147,19,9,8,4,37,0,0
148,19,10,49,19,30,0,0
149,19,11,52,20,0,0,30
150,19,12,52,20,0,0,30
151,19,13,22,8,0,0,65
152,20,1,36,36,0,0,0
153,20,2,42,0,0,0,0
154,20,3,14,40,0,0,0
155,20,4,50,50,0,0,0
156,20,5,29,7,0,0,0
157,20,6,7,7,0,34,0
158,20,7,7,29,0,0,0
159,20,8,7,7,0,34,0
160,20,9,5,5,34,0,0
161,20,10,32,32,32,0,0
162,20,11,32,32,0,0,30
163,20,12,32,32,0,0,30
164,20,13,14,14,0,0,61
165,21,1,34,44,0,0,0
166,21,2,44,0,0,0,0
167,21,3,7,44,0,0,0
168,21,4,53,53,0,0,0
169,21,5,33,7,0,0,0
170,21,6,10,13,0,35,0
171,21,7,7,33,0,0,0
172,21,8,10,13,0,35,0
173,21,9,10,13,38,0,0
174,21,10,30,39,39,0,0
175,21,11,32,41,0,0,30
176,21,12,32,41,0,0,30
177,21,13,13,17,0,0,66
178,22,,20,55,0,0,0
179,23,,30,30,0,38,0
180,24,,20,50,0,0,0
181,25,,27,27,0,60,0
182,26,,0,0,0,95,0
183,27,,14,14,50,50,0
184,28,,45,15,32,0,0
185,29,,35,26,32,0,0
186,30,,28,40,20,0,0
187,31,,29,29,0,20,0
188,32,1,20,55,0,0,0
189,32,2,43,0,0,0,0
190,32,3,15,56,0,0,0
191,32,4,50,50,0,0,0
192,32,5,32,7,0,0,0
193,32,6,6,16,0,31,0
194,32,7,7,32,0,0,0
195,32,8,6,16,0,31,0
196,32,9,6,16,36,0,0
197,32,10,18,49,30,0,0
198,32,11,19,52,0,0,30
199,32,12,19,52,0,0,30
200,32,13,8,22,0,0,61
201,33,,15,37,0,0,37
202,34,1,12,70,0,0,0
203,34,2,50,0,0,0,0
204,34,3,8,66,0,0,0
205,34,4,57,57,0,0,0
206,34,5,38,8,0,0,0
207,34,6,4,21,0,40,0
208,34,7,8,38,0,0,0
209,34,8,4,21,0,40,0
210,34,9,4,21,45,0,0
211,34,10,10,63,36,0,0
212,34,11,11,66,0,0,30
213,34,12,11,66,0,0,30
214,34,13,4,28,0,0,73
215,35,1,28,60,0,0,0
216,35,2,48,0,0,0,0
217,35,3,8,66,0,0,0
218,35,4,56,56,0,0,0
219,35,5,38,8,0,0,0
220,35,6,8,18,0,41,0
221,35,7,8,38,0,0,0
222,35,8,8,18,0,41,0
223,35,9,8,18,45,0,0
224,35,10,25,54,39,0,0
225,35,11,26,57,0,0,30
226,35,12,26,57,0,0,30
227,35,13,11,24,0,0,74
228,36,,38,15,30,0,0
229,37,,44,15,32,0,0
230,38,1,55,27,0,0,0
231,38,2,59,0,0,0,0
232,38,3,16,42,0,0,0
233,38,4,51,51,0,0,0
234,38,5,34,16,0,0,0
235,38,6,16,8,0,34,0
236,38,7,16,34,0,0,0
237,38,8,16,8,0,34,0
238,38,9,16,8,37,0,0
239,38,10,49,24,36,0,0
240,38,11,52,25,0,0,30
241,38,12,52,25,0,0,30
242,38,13,22,10,0,0,69
243,39,1,35,50,0,0,0
244,39,2,46,0,0,0,0
245,39,3,17,45,0,0,0
246,39,4,56,56,0,0,0
247,39,5,35,17,0,0,0
248,39,6,10,15,0,37,0
249,39,7,17,35,0,0,0
250,39,8,10,15,0,37,0
251,39,9,10,15,39,0,0
252,39,10,31,45,38,0,0
253,39,11,33,47,0,0,30
254,39,12,33,47,0,0,30
255,39,13,14,20,0,0,72
256,40,1,65,10,0,0,0
257,40,2,55,0,0,0,0
258,40,3,18,39,0,0,0
259,40,4,48,48,0,0,0
260,40,5,32,15,0,0,0
261,40,6,19,3,0,33,0
262,40,7,15,32,0,0,0
263,40,8,19,3,0,33,0
264,40,9,19,3,36,0,0
265,40,10,58,9,30,0,0
266,40,11,61,9,0,0,30
267,40,12,61,9,0,0,30
268,40,13,26,4,0,0,63
269,41,1,43,37,0,0,0
270,41,2,45,0,0,0,0
271,41,3,16,42,0,0,0
272,41,4,54,54,0,0,0
273,41,5,32,16,0,0,0
274,41,6,12,11,0,35,0
275,41,7,16,32,0,0,0
276,41,8,12,11,0,35,0
277,41,9,12,11,36,0,0
278,41,10,38,33,36,0,0
279,41,11,40,35,0,0,30
280,41,12,40,35,0,0,30
281,41,13,17,14,0,0,68
282,42,1,33,44,0,0,0
283,42,2,43,0,0,0,0
284,42,3,15,42,0,0,0
285,42,4,53,53,0,0,0
286,42,5,31,15,0,0,0
287,42,6,9,13,0,33,0
288,42,7,15,31,0,0,0
289,42,8,9,13,0,33,0
290,42,9,9,13,34,0,0
291,42,10,29,39,34,0,0
292,42,11,31,41,0,0,30
293,42,12,31,41,0,0,30
294,42,13,13,17,0,0,65
295,43,1,27,60,0,0,0
296,43,2,49,0,0,0,0
297,43,3,8,65,0,0,0
298,43,4,56,56,0,0,0
299,43,5,36,17,0,0,0
300,43,6,8,18,0,36,0
301,43,7,17,36,0,0,0
302,43,8,8,18,0,36,0
303,43,9,8,18,40,0,0
304,43,10,24,54,39,0,0
305,43,11,25,57,0,0,30
306,43,12,25,57,0,0,30
307,43,13,10,24,0,0,73
308,44,,79,10,0,35,0
309,45,,58,20,30,0,0
310,46,1,44,36,0,0,0
311,46,2,47,0,0,0,0
312,46,3,16,41,0,0,0
313,46,4,54,54,0,0,0
314,46,5,33,16,0,0,0
315,46,6,13,10,0,35,0
316,46,7,16,33,0,0,0
317,46,8,13,10,0,35,0
318,46,9,13,10,36,0,0
319,46,10,39,32,36,0,0
320,46,11,41,34,0,0,30
321,46,12,41,34,0,0,30
322,46,13,17,14,0,0,68
323,47,,25,25,70,0,0
324,48,,15,56,0,36,0
325,49,,35,10,50,0,0
326,50,,35,35,0,50,0
327,51,,63,7,0,0,30
328,52,,34,47,0,0,0
329,53,,10,30,0,64,0
330,54,1,49,34,0,0,0
331,54,2,47,0,0,0,0
332,54,3,16,43,0,0,0
333,54,4,54,54,0,0,0
334,54,5,34,16,0,0,0
335,54,6,14,10,0,36,0
336,54,7,16,34,0,0,0
337,54,8,14,10,0,36,0
338,54,9,14,10,38,0,0
339,54,10,44,30,37,0,0
340,54,11,46,32,0,0,30
341,54,12,46,32,0,0,30
342,54,13,19,13,0,0,70
343,55,1,76,5,0,0,0
344,55,2,66,0,0,0,0
345,55,3,32,44,0,0,0
346,55,4,57,57,0,0,0
347,55,5,39,16,0,0,0
348,55,6,22,4,0,40,0
349,55,7,16,39,0,0,0
350,55,8,22,4,0,40,0
351,55,9,22,4,44,0,0
352,55,10,68,4,36,0,0
353,55,11,72,4,0,0,30
354,55,12,72,4,0,0,30
355,55,13,30,4,0,0,76
356,56,,35,50,20,0,0
357,57,,40,15,0,30,0
358,58,1,61,18,0,0,0
359,58,2,58,0,0,0,0
360,58,3,23,38,0,0,0
361,58,4,51,51,0,0,0
362,58,5,32,15,0,0,0
363,58,6,25,7,0,25,0
364,58,7,15,32,0,0,0
365,58,8,15,4,0,31,0
366,58,9,12,5,35,0,0
367,58,10,54,16,27,0,0
368,58,11,54,16,0,0,30
369,58,12,54,16,0,0,30
370,58,13,24,7,0,0,67
371,59,1,85,6,0,0,0
372,59,2,73,0,0,0,0
373,59,3,27,50,0,0,0
374,59,4,64,64,0,0,0
375,59,5,44,18,0,0,0
376,59,6,35,4,0,40,0
377,59,7,18,44,0,0,0
378,59,8,35,4,0,40,0
379,59,9,34,4,50,0,0
380,59,10,76,5,40,0,0
381,59,11,76,5,0,0,30
382,59,12,76,5,0,0,30
383,59,13,34,4,0,0,77
384,60,,62,15,0,50,0
385,61,1,53,30,0,0,0
386,61,2,48,0,0,0,0
387,61,3,16,43,0,0,0
388,61,4,55,55,0,0,0
389,61,5,33,16,0,0,0
390,61,6,15,9,0,33,0
391,61,7,16,33,0,0,0
392,61,8,15,9,0,33,0
393,61,9,13,7,37,0,0
394,61,10,47,27,33,0,0
395,61,11,50,28,0,0,30
396,61,12,50,28,0,0,30
397,61,13,21,12,0,0,70
398,62,1,38,53,0,0,0
399,62,2,50,0,0,0,0
400,62,3,18,50,0,0,0
401,62,4,60,60,0,0,0
402,62,5,38,18,0,0,0
403,62,6,15,22,0,36,0
404,62,7,18,38,0,0,0
405,62,8,15,22,0,36,0
406,62,9,9,13,42,0,0
407,62,10,34,47,40,0,0
408,62,11,36,50,0,0,30
409,62,12,36,50,0,0,30
410,62,13,15,21,0,0,77
411,63,,52,28,20,0,0
412,64,,37,15,40,0,0
413,65,,31,56,0,40,0
414,66,,105,0,20,0,0
415,67,,63,19,0,0,0
416,68,,43,43,28,0,0
417,69,1,14,60,0,0,0
418,69,2,42,0,0,0,0
419,69,3,14,54,0,0,0
420,69,4,49,49,0,0,0
421,69,5,31,7,0,0,0
422,69,6,4,12,0,35,0
423,69,7,7,31,0,0,0
424,69,8,4,12,0,35,0
425,69,9,4,12,37,0,0
426,69,10,12,54,29,0,0
427,69,11,12,54,0,0,30
428,69,12,12,54,0,0,30
429,69,13,5,24,0,0,62
430,70,1,45,30,0,0,0
431,70,2,45,0,0,0,0
432,70,3,15,39,0,0,0
433,70,4,51,51,0,0,0
434,70,5,31,7,0,0,0
435,70,6,9,6,0,37,0
436,70,7,7,31,0,0,0
437,70,8,9,6,0,37,0
438,70,9,9,6,37,0,0
439,70,10,40,27,33,0,0
440,70,11,40,27,0,0,30
441,70,12,40,27,0,0,30
442,70,13,18,12,0,0,63
443,71,1,20,60,0,0,0
444,71,2,44,0,0,0,0
445,71,3,16,59,0,0,0
446,71,4,52,52,0,0,0
447,71,5,35,16,0,0,0
448,71,6,4,12,0,40,0
449,71,7,16,35,0,0,0
450,71,8,4,12,0,40,0
451,71,9,6,18,40,0,0
452,71,10,18,54,32,0,0
453,71,11,19,57,0,0,30
454,71,12,19,57,0,0,30
455,71,13,8,24,0,0,68
456,72,1,15,76,0,0,0
457,72,2,50,0,0,0,0
458,72,3,18,67,0,0,0
459,72,4,60,60,0,0,0
460,72,5,40,18,0,0,0
461,72,6,4,15,0,50,0
462,72,7,18,40,0,0,0
463,72,8,4,15,0,50,0
464,72,9,4,22,54,0,0
465,72,10,13,68,40,0,0
466,72,11,14,72,0,0,30
467,72,12,14,72,0,0,30
468,72,13,6,30,0,0,77
469,73,1,36,50,0,0,0
470,73,2,46,0,0,0,0
471,73,3,17,44,0,0,0
472,73,4,55,55,0,0,0
473,73,5,36,17,0,0,0
474,73,6,7,10,0,47,0
475,73,7,17,36,0,0,0
476,73,8,7,10,0,47,0
477,73,9,10,15,45,0,0
478,73,10,32,45,43,0,0
479,73,11,34,47,0,0,30
480,73,12,34,47,0,0,30
481,73,13,14,20,0,0,73
482,74,,20,50,0,0,0
483,75,1,37,37,0,0,0
484,75,2,42,0,0,0,0
485,75,3,14,39,0,0,0
486,75,4,51,51,0,0,0
487,75,5,31,14,0,0,0
488,75,6,7,7,0,37,0
489,75,7,14,31,0,0,0
490,75,8,7,7,0,37,0
491,75,9,11,11,35,0,0
492,75,10,33,33,33,0,0
493,75,11,35,35,0,0,30
494,75,12,35,35,0,0,30
495,75,13,14,14,0,0,62
496,76,,10,35,0,0,50
497,77,1,42,42,0,0,0
498,77,2,48,0,0,0,0
499,77,3,16,47,0,0,0
500,77,4,56,56,0,0,0
501,77,5,35,16,0,0,0
502,77,6,8,8,0,42,0
503,77,7,16,35,0,0,0
504,77,8,8,8,0,42,0
505,77,9,12,12,40,0,0
506,77,10,37,37,37,0,0
507,77,11,38,38,0,0,30
508,77,12,38,38,0,0,30
509,77,13,16,16,0,0,71
510,78,1,38,47,0,0,0
511,78,2,50,0,0,0,0
512,78,3,17,46,0,0,0
513,78,4,56,56,0,0,0
514,78,5,35,17,0,0,0
515,78,6,7,9,0,42,0
516,78,7,17,35,0,0,0
517,78,8,7,9,0,42,0
518,78,9,11,14,40,0,0
519,78,10,34,42,38,0,0
520,78,11,34,43,0,0,30
521,78,12,34,43,0,0,30
522,78,13,15,18,0,0,72
523,79,,23,57,0,0,0
524,80,1,44,44,0,0,0
525,80,2,51,0,0,0,0
526,80,3,17,46,0,0,0
527,80,4,58,58,0,0,0
528,80,5,36,17,0,0,0
529,80,6,8,8,0,48,0
530,80,7,17,36,0,0,0
531,80,8,8,8,0,48,0
532,80,9,13,13,45,0,0
533,80,10,39,39,45,0,0
534,80,11,40,40,0,0,30
535,80,12,40,40,0,0,30
536,80,13,17,17,0,0,74
537,81,1,65,18,0,0,0
538,81,2,62,0,0,0,0
539,81,3,16,44,0,0,0
540,81,4,54,54,0,0,0
541,81,5,34,16,0,0,0
542,81,6,26,7,0,29,0
543,81,7,16,33,0,0,0
544,81,8,26,7,0,29,0
545,81,9,16,4,41,0,0
546,81,10,58,16,33,0,0
547,81,11,61,17,0,0,30
548,81,12,61,17,0,0,30
549,81,13,26,7,0,0,70
550,82,1,18,58,0,0,0
551,82,2,44,0,0,0,0
552,82,3,11,58,0,0,0
553,82,4,52,52,0,0,0
554,82,5,34,7,0,0,0
555,82,6,5,11,0,36,0
556,82,7,7,34,0,0,0
557,82,8,5,11,0,36,0
558,82,9,5,14,38,0,0
559,82,10,16,52,30,0,0
560,82,11,17,55,0,0,30
561,82,12,17,55,0,0,30
562,82,13,7,23,0,0,64
563,83,1,36,50,0,0,0
564,83,2,49,0,0,0,0
565,83,3,17,48,0,0,0
566,83,4,58,58,0,0,0
567,83,5,36,17,0,0,0
568,83,6,7,10,0,47,0
569,83,7,17,36,0,0,0
570,83,8,7,10,0,47,0
571,83,9,10,15,44,0,0
572,83,10,32,45,41,0,0
573,83,11,33,46,0,0,30
574,83,12,33,46,0,0,30
575,83,13,14,20,0,0,73
576,84,1,35,48,0,0,0
577,84,2,47,0,0,0,0
578,84,3,16,46,0,0,0
579,84,4,55,55,0,0,0
580,84,5,35,16,0,0,0
581,84,6,7,9,0,42,0
582,84,7,16,35,0,0,0
583,84,8,7,9,0,42,0
584,84,9,10,14,41,0,0
585,84,10,31,43,37,0,0
586,84,11,32,44,0,0,30
587,84,12,32,44,0,0,30
588,84,13,14,19,0,0,70
589,85,,45,31,0,40,0
590,86,1,25,55,0,0,0
591,86,2,46,0,0,0,0
592,86,3,12,62,0,0,0
593,86,4,54,54,0,0,0
594,86,5,34,16,0,0,0
595,86,6,7,16,0,36,0
596,86,7,16,34,0,0,0
597,86,8,7,16,0,36,0
598,86,9,5,11,40,0,0
599,86,10,22,49,32,0,0
600,86,11,23,52,0,0,30
601,86,12,23,52,0,0,30
602,86,13,10,22,0,0,68
603,87,,10,45,55,0,0
604,88,1,40,50,0,0,0
605,88,2,40,0,0,0,0
606,88,3,9,40,0,0,0
607,88,4,48,48,0,0,0
608,88,5,38,18,0,0,0
609,88,6,12,15,0,45,0
610,88,7,18,38,0,0,0
611,88,8,12,15,0,45,0
612,88,9,8,10,49,0,0
613,88,10,36,45,45,0,0
614,88,11,38,47,0,0,30
615,88,12,38,47,0,0,30
616,88,13,16,20,0,0,76
617,89,,20,35,0,45,0
618,90,1,55,20,0,0,0
619,90,2,57,0,0,0,0
620,90,3,15,40,0,0,0
621,90,4,50,50,0,0,0
622,90,5,30,15,0,0,0
623,90,6,16,6,0,30,0
624,90,7,15,30,0,0,0
625,90,8,16,6,0,30,0
626,90,9,11,4,37,0,0
627,90,10,49,18,30,0,0
628,90,11,52,19,0,0,30
629,90,12,52,19,0,0,30
630,90,13,22,8,0,0,63
631,91,1,36,48,0,0,0
632,91,2,48,0,0,0,0
633,91,3,16,47,0,0,0
634,91,4,57,57,0,0,0
635,91,5,35,16,0,0,0
636,91,6,10,14,0,37,0
637,91,7,16,35,0,0,0
638,91,8,10,14,0,37,0
639,91,9,7,9,42,0,0
640,91,10,32,43,40,0,0
641,91,11,34,45,0,0,30
642,91,12,34,45,0,0,30
643,91,13,14,19,0,0,71
644,92,1,25,57,0,0,0
645,92,2,47,0,0,0,0
646,92,3,12,63,0,0,0
647,92,4,55,55,0,0,0
648,92,5,34,16,0,0,0
649,92,6,7,17,0,35,0
650,92,7,16,34,0,0,0
651,92,8,7,17,0,35,0
652,92,9,5,11,41,0,0
653,92,10,22,51,32,0,0
654,92,11,23,54,0,0,30
655,92,12,23,54,0,0,30
656,92,13,10,22,0,0,69
657,93,1,47,36,0,0,0
658,93,2,48,0,0,0,0
659,93,3,16,43,0,0,0
660,93,4,56,56,0,0,0
661,93,5,34,16,0,0,0
662,93,6,14,10,0,37,0
663,93,7,16,34,0,0,0
664,93,8,14,10,0,37,0
665,93,9,9,7,41,0,0
666,93,10,42,32,39,0,0
667,93,11,44,34,0,0,30
668,93,12,44,34,0,0,30
669,93,13,18,14,0,0,70
670,94,,50,10,50,0,0
671,95,1,47,37,0,0,0
672,95,2,47,0,0,0,0
673,95,3,16,46,0,0,0
674,95,4,57,57,0,0,0
675,95,5,35,16,0,0,0
676,95,6,9,7,0,42,0
677,95,7,16,35,0,0,0
678,95,8,9,7,0,42,0
679,95,9,14,11,42,0,0
680,95,10,42,33,33,0,0
681,95,11,44,35,0,0,30
682,95,12,44,35,0,0,30
683,95,13,18,14,0,0,71
684,96,,41,60,0,0,0
685,97,,60,25,0,55,0
686,98,,40,50,0,0,0
687,99,1,44,43,0,0,0
688,99,2,48,0,0,0,0
689,99,3,17,43,0,0,0
690,99,4,56,56,0,0,0
691,99,5,38,17,0,0,0
692,99,6,8,8,0,44,0
693,99,7,17,38,0,0,0
694,99,8,8,8,0,44,0
695,99,9,13,12,43,0,0
696,99,10,39,38,34,0,0
697,99,11,41,40,0,0,30
698,99,12,41,40,0,0,30
699,99,13,17,17,0,0,73
700,100,1,37,52,0,0,0
701,100,2,48,0,0,0,0
702,100,3,17,47,0,0,0
703,100,4,58,58,0,0,0
704,100,5,39,17,0,0,0
705,100,6,7,10,0,45,0
706,100,7,17,39,0,0,0
707,100,8,7,10,0,45,0
708,100,9,11,15,44,0,0
709,100,10,33,46,40,0,0
710,100,11,35,49,0,0,30
711,100,12,35,49,0,0,30
712,100,13,14,20,0,0,75
713,101,1,76,0,0,0,0
714,101,2,66,0,0,0,0
715,101,3,15,47,0,0,0
716,101,4,57,57,0,0,0
717,101,5,40,15,0,0,0
718,101,6,26,0,0,38,0
719,101,7,15,40,0,0,0
720,101,8,26,0,0,38,0
721,101,9,30,0,41,0,0
722,101,10,68,0,30,0,0
723,101,11,72,0,0,0,30
724,101,12,72,0,0,0,30
725,101,13,30,0,0,0,64
726,102,,15,60,0,0,30
727,103,1,36,55,0,0,0
728,103,2,51,0,0,0,0
729,103,3,9,51,0,0,0
730,103,4,59,59,0,0,0
731,103,5,40,9,0,0,0
732,103,6,7,11,0,47,0
733,103,7,9,40,0,0,0
734,103,8,7,11,0,47,0
735,103,9,5,8,48,0,0
736,103,10,32,49,40,0,0
737,103,11,32,49,0,0,30
738,103,12,32,49,0,0,30
739,103,13,14,22,0,0,77
740,104,1,27,60,0,0,0
741,104,2,49,0,0,0,0
742,104,3,8,64,0,0,0
743,104,4,56,56,0,0,0
744,104,5,37,8,0,0,0
745,104,6,5,12,0,44,0
746,104,7,8,37,0,0,0
747,104,8,5,12,0,44,0
748,104,9,4,9,45,0,0
749,104,10,24,54,34,0,0
750,104,11,24,54,0,0,30
751,104,12,24,54,0,0,30
752,104,13,10,24,0,0,73
753,105,,5,75,0,0,0
754,106,,45,17,36,0,0
755,107,,10,50,0,0,33
756,108,,12,50,60,0,0
757,109,,30,60,0,0,0
758,110,,10,75,0,0,0
759,111,1,35,43,0,0,0
760,111,2,45,0,0,0,0
761,111,3,15,43,0,0,0
762,111,4,54,54,0,0,0
763,111,5,33,11,0,0,0
764,111,6,10,12,0,34,0
765,111,7,11,33,0,0,0
766,111,8,10,12,0,34,0
767,111,9,10,12,35,0,0
768,111,10,31,38,31,0,0
769,111,11,31,38,0,0,30
770,111,12,31,38,0,0,30
771,111,13,14,17,0,0,66
772,112,1,19,60,0,0,0
773,112,2,45,0,0,0,0
774,112,3,15,59,0,0,0
775,112,4,52,52,0,0,0
776,112,5,33,11,0,0,0
777,112,6,5,18,0,31,0
778,112,7,11,33,0,0,0
779,112,8,5,18,0,31,0
780,112,9,5,18,35,0,0
781,112,10,17,54,27,0,0
782,112,11,17,54,0,0,30
783,112,12,17,54,0,0,30
784,112,13,7,24,0,0,67
785,113,1,54,24,0,0,0
786,113,2,48,0,0,0,0
787,113,3,15,42,0,0,0
788,113,4,54,54,0,0,0
789,113,5,33,11,0,0,0
790,113,6,16,7,0,31,0
791,113,7,11,33,0,0,0
792,113,8,16,7,0,31,0
793,113,9,16,7,34,0,0
794,113,10,48,21,27,0,0
795,113,11,48,21,0,0,30
796,113,12,48,21,0,0,30
797,113,13,21,9,0,0,66
798,114,,10,40,0,0,30
799,115,1,66,10,0,0,0
800,115,2,61,0,0,0,0
801,115,3,30,41,0,0,0
802,115,4,53,53,0,0,0
803,115,5,36,7,0,0,0
804,115,6,26,4,0,31,0
805,115,7,7,36,0,0,0
806,115,8,26,4,0,31,0
807,115,9,26,4,38,0,0
808,115,10,59,9,30,0,0
809,115,11,62,9,0,0,30
810,115,12,62,9,0,0,30
811,115,13,26,4,0,0,64
812,116,,66,10,0,25,0
813,117,1,55,35,0,0,0
814,117,2,54,0,0,0,0
815,117,3,9,49,0,0,0
816,117,4,61,61,0,0,0
817,117,5,38,9,0,0,0
818,117,6,11,7,0,45,0
819,117,7,9,38,0,0,0
820,117,8,11,7,0,45,0
821,117,9,8,5,45,0,0
822,117,10,49,31,45,0,0
823,117,11,49,31,0,0,30
824,117,12,49,31,0,0,30
825,117,13,22,14,0,0,76
826,118,1,75,0,0,0,0
827,118,2,57,0,0,0,0
828,118,3,7,52,0,0,0
829,118,4,61,61,0,0,0
830,118,5,41,7,0,0,0
831,118,6,18,0,0,48,0
832,118,7,7,41,0,0,0
833,118,8,18,0,0,48,0
834,118,9,30,0,45,0,0
835,118,10,67,0,37,0,0
836,118,11,71,0,0,0,30
837,118,12,71,0,0,0,30
838,118,13,60,0,0,0,71
839,119,1,62,20,0,0,0
840,119,2,68,0,0,0,0
841,119,3,8,48,0,0,0
842,119,4,57,57,0,0,0
843,119,5,36,8,0,0,0
844,119,6,15,5,0,41,0
845,119,7,8,36,0,0,0
846,119,8,15,5,0,41,0
847,119,9,15,5,45,0,0
848,119,10,55,18,32,0,0
849,119,11,58,19,0,0,30
850,119,12,58,19,0,0,30
851,119,13,24,8,0,0,69
852,120,1,41,41,0,0,0
853,120,2,47,0,0,0,0
854,120,3,16,45,0,0,0
855,120,4,54,54,0,0,0
856,120,5,34,8,0,0,0
857,120,6,8,8,0,41,0
858,120,7,8,34,0,0,0
859,120,8,8,8,0,41,0
860,120,9,6,6,41,0,0
861,120,10,36,36,36,0,0
862,120,11,36,36,0,0,30
863,120,12,36,36,0,0,30
864,120,13,16,16,0,0,69
865,121,1,47,37,0,0,0
866,121,2,47,0,0,0,0
867,121,3,8,46,0,0,0
868,121,4,57,57,0,0,0
869,121,5,35,8,0,0,0
870,121,6,9,7,0,42,0
871,121,7,8,35,0,0,0
872,121,8,9,7,0,42,0
873,121,9,7,5,42,0,0
874,121,10,42,33,37,0,0
875,121,11,42,33,0,0,30
876,121,12,42,33,0,0,30
877,121,13,18,14,0,0,71
878,122,,10,40,0,0,65
879,123,1,54,42,0,0,0
880,123,2,54,0,0,0,0
881,123,3,9,48,0,0,0
882,123,4,62,62,0,0,0
883,123,5,41,9,0,0,0
884,123,6,16,12,0,48,0
885,123,7,9,41,0,0,0
886,123,8,16,12,0,48,0
887,123,9,16,12,48,0,0
888,123,10,48,37,43,0,0
889,123,11,51,39,0,0,30
890,123,12,51,39,0,0,30
891,123,13,21,16,0,0,81
892,124,1,60,25,0,0,0
893,124,2,61,0,0,0,0
894,124,3,8,45,0,0,0
895,124,4,53,53,0,0,0
896,124,5,36,8,0,0,0
897,124,6,18,7,0,35,0
898,124,7,8,36,0,0,0
899,124,8,18,7,0,35,0
900,124,9,18,7,39,0,0
901,124,10,54,22,34,0,0
902,124,11,57,23,0,0,30
903,124,12,57,23,0,0,30
904,124,13,24,10,0,0,72
905,125,1,20,60,0,0,0
906,125,2,43,0,0,0,0
907,125,3,8,60,0,0,0
908,125,4,52,52,0,0,0
909,125,5,34,8,0,0,0
910,125,6,6,18,0,33,0
911,125,7,8,34,0,0,0
912,125,8,6,18,0,33,0
913,125,9,6,18,37,0,0
914,125,10,18,54,28,0,0
915,125,11,19,57,0,0,30
916,125,12,19,57,0,0,30
917,125,13,8,24,0,0,68
918,126,,37,44,0,37,0
919,127,,20,47,47,0,0
920,128,,69,20,0,0,0
921,129,,60,25,0,0,0
922,130,1,75,15,0,0,0
923,130,2,67,0,0,0,0
924,130,3,22,49,0,0,0
925,130,4,61,61,0,0,0
926,130,5,41,9,0,0,0
927,130,6,22,4,0,40,0
928,130,7,9,41,0,0,0
929,130,8,22,4,0,40,0
930,130,9,22,4,46,0,0
931,130,10,67,13,31,0,0
932,130,11,71,14,0,0,30
933,130,12,71,14,0,0,30
934,130,13,30,6,0,0,76
935,131,,55,31,0,40,0
936,132,1,74,0,0,0,0
937,132,2,64,0,0,0,0
938,132,3,14,44,0,0,0
939,132,4,56,56,0,0,0
940,132,5,37,7,0,0,0
941,132,6,22,0,0,35,0
942,132,7,7,37,0,0,0
943,132,8,22,0,0,35,0
944,132,9,22,0,39,0,0
945,132,10,66,0,33,0,0
946,132,11,70,0,0,0,30
947,132,12,70,0,0,0,30
948,132,13,59,0,0,0,62
949,133,1,55,39,0,0,0
950,133,2,54,0,0,0,0
951,133,3,14,49,0,0,0
952,133,4,61,61,0,0,0
953,133,5,40,9,0,0,0
954,133,6,16,11,0,44,0
955,133,7,9,40,0,0,0
956,133,8,16,11,0,44,0
957,133,9,16,11,45,0,0
958,133,10,49,35,0,0,0
959,133,11,52,37,0,0,30
960,133,12,52,37,0,0,30
961,133,13,22,15,0,0,79
962,134,1,79,14,0,0,0
963,134,2,68,0,0,0,0
964,134,3,23,49,0,0,0
965,134,4,62,62,0,0,0
966,134,5,41,9,0,0,0
967,134,6,23,4,0,42,0
968,134,7,9,41,0,0,0
969,134,8,23,4,0,42,0
970,134,9,23,4,46,0,0
971,134,10,71,12,37,0,0
972,134,11,75,13,0,0,30
973,134,12,75,13,0,0,30
974,134,13,31,5,0,0,79
975,135,1,80,0,0,0,0
976,135,2,69,0,0,0,0
977,135,3,16,48,0,0,0
978,135,4,60,60,0,0,0
979,135,5,41,8,0,0,0
980,135,6,24,0,0,40,0
981,135,7,8,41,0,0,0
982,135,8,24,0,0,40,0
983,135,9,24,0,44,0,0
984,135,10,72,0,36,0,0
985,135,11,76,0,0,0,30
986,135,12,76,0,0,0,30
987,135,13,64,0,0,0,68
988,136,1,49,35,0,0,0
989,136,2,47,0,0,0,0
990,136,3,12,44,0,0,0
991,136,4,54,54,0,0,0
992,136,5,36,8,0,0,0
993,136,6,14,10,0,36,0
994,136,7,8,36,0,0,0
995,136,8,14,10,0,36,0
996,136,9,14,10,38,0,0
997,136,10,44,31,37,0,0
998,136,11,46,33,0,0,30
999,136,12,46,33,0,0,30
1000,136,13,19,14,0,0,71
1001,137,1,42,42,0,0,0
1002,137,2,47,0,0,0,0
1003,137,3,12,45,0,0,0
1004,137,4,56,56,0,0,0
1005,137,5,36,8,0,0,0
1006,137,6,12,12,0,36,0
1007,137,7,8,36,0,0,0
1008,137,8,12,12,0,36,0
1009,137,9,12,12,38,0,0
1010,137,10,37,37,37,0,0
1011,137,11,39,39,0,0,30
1012,137,12,39,39,0,0,30
1013,137,13,16,16,0,0,71
1014,138,1,55,25,0,0,0
1015,138,2,57,0,0,0,0
1016,138,3,16,41,0,0,0
1017,138,4,51,51,0,0,0
1018,138,5,34,8,0,0,0
1019,138,6,16,7,0,33,0
1020,138,7,8,34,0,0,0
1021,138,8,16,7,0,33,0
1022,138,9,16,7,36,0,0
1023,138,10,49,22,36,0,0
1024,138,11,52,23,0,0,30
1025,138,12,52,23,0,0,30
1026,138,13,22,10,0,0,68
1027,139,,43,38,0,30,0
1028,140,,38,27,0,60,0
1029,141,,55,15,0,55,0
1030,142,1,53,37,0,0,0
1031,142,2,53,0,0,0,0
1032,142,3,18,46,0,0,0
1033,142,4,59,59,0,0,0
1034,142,5,38,9,0,0,0
1035,142,6,15,11,0,39,0
1036,142,7,9,38,0,0,0
1037,142,8,15,11,0,39,0
1038,142,9,15,11,42,0,0
1039,142,10,47,33,40,0,0
1040,142,11,50,35,0,0,30
1041,142,12,50,35,0,0,30
1042,142,13,21,14,0,0,76
1043,143,1,96,0,0,0,0
1044,143,2,80,0,0,0,0
1045,143,3,24,57,0,0,0
1046,143,4,70,70,0,0,0
1047,143,5,51,9,0,0,0
1048,143,6,40,0,0,48,0
1049,143,7,9,50,0,0,0
1050,143,8,40,0,0,48,0
1051,143,9,51,0,49,0,0
1052,143,10,86,0,48,0,0
1053,143,11,86,0,0,0,30
1054,143,12,86,0,0,0,30
1055,143,13,76,0,0,0,81
1056,144,,48,48,0,37,0
1057,145,1,79,15,0,0,0
1058,145,2,69,0,0,0,0
1059,145,3,23,49,0,0,0
1060,145,4,62,62,0,0,0
1061,145,5,42,9,0,0,0
1062,145,6,23,4,0,43,0
1063,145,7,9,42,0,0,0
1064,145,8,23,4,0,43,0
1065,145,9,23,4,47,0,0
1066,145,10,71,13,37,0,0
1067,145,11,75,14,0,0,30
1068,145,12,75,14,0,0,30
1069,145,13,31,6,0,0,79
1070,146,1,21,66,0,0,0
1071,146,2,49,0,0,0,0
1072,146,3,8,65,0,0,0
1073,146,4,56,56,0,0,0
1074,146,5,37,8,0,0,0
1075,146,6,4,13,0,43,0
1076,146,7,8,37,0,0,0
1077,146,8,4,13,0,43,0
1078,146,9,6,19,43,0,0
1079,146,10,18,59,34,0,0
1080,146,11,19,62,0,0,30
1081,146,12,19,62,0,0,30
1082,146,13,8,26,0,0,73
1083,147,1,34,52,0,0,0
1084,147,2,49,0,0,0,0
1085,147,3,8,50,0,0,0
1086,147,4,59,59,0,0,0
1087,147,5,36,8,0,0,0
1088,147,6,6,10,0,45,0
1089,147,7,8,36,0,0,0
1090,147,8,6,10,0,45,0
1091,147,9,10,15,43,0,0
1092,147,10,30,46,38,0,0
1093,147,11,32,49,0,0,30
1094,147,12,32,49,0,0,30
1095,147,13,13,20,0,0,73
1096,148,,20,80,20,0,0
1097,149,,10,35,80,0,0
1098,150,1,78,13,0,0,0
1099,150,2,70,0,0,0,0
1100,150,3,18,50,0,0,0
1101,150,4,61,61,0,0,0
1102,150,5,42,18,0,0,0
1103,150,6,15,5,0,51,0
1104,150,7,18,42,0,0,0
1105,150,8,15,5,0,51,0
1106,150,9,23,5,50,0,0
1107,150,10,70,11,36,0,0
1108,150,11,74,12,0,0,30
1109,150,12,74,12,0,0,30
1110,150,13,31,5,0,0,77
1111,151,1,48,33,0,0,0
1112,151,2,50,0,0,0,0
1113,151,3,8,45,0,0,0
1114,151,4,54,54,0,0,0
1115,151,5,32,8,0,0,0
1116,151,6,9,6,0,36,0
1117,151,7,8,32,0,0,0
1118,151,8,9,6,0,36,0
1119,151,9,14,9,36,0,0
1120,151,10,43,29,32,0,0
1121,151,11,43,29,0,0,30
1122,151,12,43,29,0,0,30
1123,151,13,19,13,0,0,68
1124,152,1,29,60,0,0,0
1125,152,2,49,0,0,0,0
1126,152,3,8,65,0,0,0
1127,152,4,57,57,0,0,0
1128,152,5,35,8,0,0,0
1129,152,6,5,12,0,40,0
1130,152,7,8,35,0,0,0
1131,152,8,5,12,0,40,0
1132,152,9,8,18,44,0,0
1133,152,10,26,54,40,0,0
1134,152,11,27,57,0,0,30
1135,152,12,27,57,0,0,30
1136,152,13,11,24,0,0,75
1137,153,1,30,55,0,0,0
1138,153,2,50,0,0,0,0
1139,153,3,8,49,0,0,0
1140,153,4,55,55,0,0,0
1141,153,5,34,8,0,0,0
1142,153,6,6,11,0,38,0
1143,153,7,8,34,0,0,0
1144,153,8,6,11,0,38,0
1145,153,9,9,16,38,0,0
1146,153,10,27,49,29,0,0
1147,153,11,28,52,0,0,30
1148,153,12,28,52,0,0,30
1149,153,13,12,22,0,0,72
1150,154,1,60,22,0,0,0
1151,154,2,63,0,0,0,0
1152,154,3,8,45,0,0,0
1153,154,4,55,55,0,0,0
1154,154,5,32,8,0,0,0
1155,154,6,12,4,0,36,0
1156,154,7,8,32,0,0,0
1157,154,8,12,4,0,36,0
1158,154,9,18,6,36,0,0
1159,154,10,54,19,28,0,0
1160,154,11,57,20,0,0,30
1161,154,12,57,20,0,0,30
1162,154,13,24,8,0,0,69
1163,155,1,74,18,0,0,0
1164,155,2,69,0,0,0,0
1165,155,3,9,50,0,0,0
1166,155,4,59,59,0,0,0
1167,155,5,36,9,0,0,0
1168,155,6,14,5,0,41,0
1169,155,7,9,36,0,0,0
1170,155,8,14,5,0,41,0
1171,155,9,22,5,46,0,0
1172,155,10,66,16,32,0,0
1173,155,11,70,17,0,0,30
1174,155,12,70,17,0,0,30
1175,155,13,29,7,0,0,78
1176,156,,0,0,0,0,158
1177,157,1,49,32,0,0,0
1178,157,2,46,0,0,0,0
1179,157,3,8,44,0,0,0
1180,157,4,55,55,0,0,0
1181,157,5,32,8,0,0,0
1182,157,6,9,6,0,36,0
1183,157,7,8,32,0,0,0
1184,157,8,9,6,0,36,0
1185,157,9,14,9,36,0,0
1186,157,10,44,28,32,0,0
1187,157,11,44,28,0,0,30
1188,157,12,44,28,0,0,30
1189,157,13,19,12,0,0,68
1190,158,,20,60,0,0,0
1191,159,1,42,36,0,0,0
1192,159,2,46,0,0,0,0
1193,159,3,7,42,0,0,0
1194,159,4,54,54,0,0,0
1195,159,5,31,7,0,0,0
1196,159,6,8,7,0,35,0
1197,159,7,7,31,0,0,0
1198,159,8,8,7,0,35,0
1199,159,9,12,10,35,0,0
1200,159,10,37,32,27,0,0
1201,159,11,37,32,0,0,30
1202,159,12,37,32,0,0,30
1203,159,13,16,14,0,0,66
1204,160,1,46,32,0,0,0
1205,160,2,48,0,0,0,0
1206,160,3,7,42,0,0,0
1207,160,4,53,53,0,0,0
1208,160,5,31,7,0,0,0
1209,160,6,9,6,0,35,0
1210,160,7,7,31,0,0,0
1211,160,8,9,6,0,35,0
1212,160,9,13,9,35,0,0
1213,160,10,41,28,31,0,0
1214,160,11,41,28,0,0,30
1215,160,12,41,28,0,0,30
1216,160,13,18,12,0,0,66
1217,161,,50,22,45,0,0
1218,162,,44,34,0,0,0
1219,163,1,55,31,0,0,0
1220,163,2,50,0,0,0,0
1221,163,3,12,44,0,0,0
1222,163,4,56,56,0,0,0
1223,163,5,34,8,0,0,0
1224,163,6,16,9,0,32,0
1225,163,7,8,34,0,0,0
1226,163,8,16,9,0,32,0
1227,163,9,16,9,38,0,0
1228,163,10,49,27,38,0,0
1229,163,11,52,29,0,0,30
1230,163,12,52,29,0,0,30
1231,163,13,22,12,0,0,73
1232,164,1,85,0,0,0,0
1233,164,2,73,0,0,0,0
1234,164,3,25,51,0,0,0
1235,164,4,63,63,0,0,0
1236,164,5,42,8,0,0,0
1237,164,6,38,0,0,35,0
1238,164,7,25,42,0,0,0
1239,164,8,34,0,0,35,0
1240,164,9,38,0,42,0,0
1241,164,10,76,0,38,0,0
1242,164,11,76,0,0,0,30
1243,164,12,76,0,0,0,30
1244,164,13,68,0,0,0,72
1245,165,1,55,35,0,0,0
1246,165,2,52,0,0,0,0
1247,165,3,13,46,0,0,0
1248,165,4,59,59,0,0,0
1249,165,5,37,9,0,0,0
1250,165,6,16,10,0,36,0
1251,165,7,9,37,0,0,0
1252,165,8,16,10,0,36,0
1253,165,9,16,10,40,0,0
1254,165,10,49,31,31,0,0
1255,165,11,49,31,0,0,30
1256,165,12,49,31,0,0,30
1257,165,13,22,14,0,0,76
1258,166,1,39,49,0,0,0
1259,166,2,51,0,0,0,0
1260,166,3,13,47,0,0,0
1261,166,4,58,58,0,0,0
1262,166,5,36,8,0,0,0
1263,166,6,11,14,0,35,0
1264,166,7,8,36,0,0,0
1265,166,8,11,14,0,35,0
1266,166,9,11,14,39,0,0
1267,166,10,35,44,30,0,0
1268,166,11,35,44,0,0,30
1269,166,12,35,44,0,0,30
1270,166,13,15,19,0,0,74
1271,167,,48,40,0,0,0
1272,168,1,50,39,0,0,0
1273,168,2,52,0,0,0,0
1274,168,3,13,46,0,0,0
1275,168,4,58,58,0,0,0
1276,168,5,37,8,0,0,0
1277,168,6,15,11,0,35,0
1278,168,7,8,37,0,0,0
1279,168,8,15,11,0,35,0
1280,168,9,15,11,40,0,0
1281,168,10,45,35,31,0,0
1282,168,11,45,35,0,0,30
1283,168,12,45,35,0,0,30
1284,168,13,20,15,0,0,75
1285,169,1,68,14,0,0,0
1286,169,2,61,0,0,0,0
1287,169,3,16,42,0,0,0
1288,169,4,53,53,0,0,0
1289,169,5,36,8,0,0,0
1290,169,6,20,4,0,32,0
1291,169,7,8,36,0,0,0
1292,169,8,20,4,0,32,0
1293,169,9,20,4,36,0,0
1294,169,10,61,12,28,0,0
1295,169,11,61,12,0,0,30
1296,169,12,61,12,0,0,30
1297,169,13,27,5,0,0,69
1298,170,1,64,12,0,0,0
1299,170,2,61,0,0,0,0
1300,170,3,15,43,0,0,0
1301,170,4,53,53,0,0,0
1302,170,5,34,7,0,0,0
1303,170,6,19,4,0,30,0
1304,170,7,7,34,0,0,0
1305,170,8,19,4,0,30,0
1306,170,9,19,4,34,0,0
1307,170,10,57,10,26,0,0
1308,170,11,60,11,0,0,30
1309,170,12,60,11,0,0,30
1310,170,13,25,4,0,0,64
1311,171,,50,50,0,0,0
1312,172,1,15,73,0,0,0
1313,172,2,51,0,0,0,0
1314,172,3,17,65,0,0,0
1315,172,4,58,58,0,0,0
1316,172,5,39,8,0,0,0
1317,172,6,4,21,0,37,0
1318,172,7,8,39,0,0,0
1319,172,8,4,21,0,37,0
1320,172,9,4,21,43,0,0
1321,172,10,13,65,35,0,0
1322,172,11,14,69,0,0,30
1323,172,12,14,69,0,0,30
1324,172,13,6,29,0,0,74
1325,173,1,84,7,0,0,0
1326,173,2,74,0,0,0,0
1327,173,3,36,50,0,0,0
1328,173,4,65,65,0,0,0
1329,173,5,45,9,0,0,0
1330,173,6,25,4,0,45,0
1331,173,7,9,45,0,0,0
1332,173,8,25,4,0,45,0
1333,173,9,33,4,45,0,0
1334,173,10,75,6,45,0,0
1335,173,11,79,6,0,0,30
1336,173,12,79,6,0,0,30
1337,173,13,33,5,0,0,77
1338,174,,47,10,0,30,0
1339,175,1,33,44,0,0,0
1340,175,2,44,0,0,0,0
1341,175,3,15,42,0,0,0
1342,175,4,53,53,0,0,0
1343,175,5,32,7,0,0,0
1344,175,6,6,8,0,36,0
1345,175,7,15,32,0,0,0
1346,175,8,6,8,0,36,0
1347,175,9,6,8,38,0,0
1348,175,10,29,39,34,0,0
1349,175,11,31,41,0,0,30
1350,175,12,31,41,0,0,30
1351,175,13,13,17,0,0,65
1352,176,1,20,55,0,0,0
1353,176,2,43,0,0,0,0
1354,176,3,15,55,0,0,0
1355,176,4,49,49,0,0,0
1356,176,5,31,7,0,0,0
1357,176,6,4,11,0,35,0
1358,176,7,15,31,0,0,0
1359,176,8,4,11,0,35,0
1360,176,9,4,11,35,0,0
1361,176,10,18,49,26,0,0
1362,176,11,19,52,0,0,30
1363,176,12,19,52,0,0,30
1364,176,13,8,22,0,0,63
1365,177,,21,51,20,0,0
1366,178,1,50,15,30,0,0
1367,178,2,63,0,19,0,0
1368,178,3,19,45,19,0,0
1369,178,4,57,57,19,0,0
1370,178,5,42,9,14,0,0
1371,178,6,10,4,14,52,0
1372,178,7,9,42,14,0,0
1373,178,8,10,4,14,52,0
1374,178,9,10,4,42,0,0
1375,178,10,45,13,33,0,0
1376,178,11,47,14,47,0,30
1377,178,12,47,14,47,0,30
1378,178,13,10,4,47,0,76
1379,179,,35,35,0,25,0
1380,180,1,41,29,0,0,0
1381,180,2,42,0,0,0,0
1382,180,3,14,37,0,0,0
1383,180,4,49,49,0,0,0
1384,180,5,28,7,0,0,0
1385,180,6,8,5,0,31,0
1386,180,7,7,28,0,0,0
1387,180,8,8,5,0,31,0
1388,180,9,8,5,31,0,0
1389,180,10,36,26,30,0,0
1390,180,11,36,26,0,0,30
1391,180,12,36,26,0,0,30
1392,180,13,16,11,0,0,59
1393,181,1,20,57,0,0,0
1394,181,2,42,0,0,0,0
1395,181,3,15,57,0,0,0
1396,181,4,50,50,0,0,0
1397,181,5,32,7,0,0,0
1398,181,6,4,11,0,37,0
1399,181,7,7,32,0,0,0
1400,181,8,4,11,0,37,0
1401,181,9,4,11,38,0,0
1402,181,10,18,51,30,0,0
1403,181,11,18,51,0,0,30
1404,181,12,18,51,0,0,30
1405,181,13,8,22,0,0,65
1406,183,1,49,30,0,0,0
1407,183,2,49,0,0,0,0
1408,183,3,15,41,0,0,0
1409,183,4,51,51,0,0,0
1410,183,5,33,7,0,0,0
1411,183,6,9,6,0,39,0
1412,183,7,7,33,0,0,0
1413,183,8,9,6,0,39,0
1414,183,9,9,6,39,0,0
1415,183,10,44,27,35,0,0
1416,183,11,44,27,0,0,30
1417,183,12,44,27,0,0,30
1418,183,13,19,12,0,0,67
1419,184,,41,41,0,0,0
1420,185,,30,40,0,0,0
1421,186,1,25,60,0,0,0
1422,186,2,47,0,0,0,0
1423,186,3,17,61,0,0,0
1424,186,4,54,54,0,0,0
1425,186,5,36,8,0,0,0
1426,186,6,5,12,0,41,0
1427,186,7,8,36,0,0,0
1428,186,8,5,12,0,41,0
1429,186,9,5,12,42,0,0
1430,186,10,22,54,34,0,0
1431,186,11,22,54,0,0,30
1432,186,12,22,54,0,0,30
1433,186,13,10,24,0,0,72
1434,187,,23,53,30,0,0
1435,188,,35,35,0,50,0
1436,189,1,37,37,0,0,0
1437,189,2,42,0,0,0,0
1438,189,3,14,41,0,0,0
1439,189,4,51,51,0,0,0
1440,189,5,30,7,0,0,0
1441,189,6,7,7,0,35,0
1442,189,7,7,30,0,0,0
1443,189,8,7,7,0,35,0
1444,189,9,7,7,35,0,0
1445,189,10,33,33,33,0,0
1446,189,11,33,33,0,0,30
1447,189,12,33,33,0,0,30
1448,189,13,14,14,0,0,62
1449,190,1,44,33,0,0,0
1450,190,2,45,0,0,0,0
1451,190,3,15,41,0,0,0
1452,190,4,53,53,0,0,0
1453,190,5,32,7,0,0,0
1454,190,6,8,6,0,38,0
1455,190,7,7,32,0,0,0
1456,190,8,8,6,0,38,0
1457,190,9,8,6,38,0,0
1458,190,10,39,29,36,0,0
1459,190,11,39,29,0,0,30
1460,190,12,39,29,0,0,30
1461,190,13,17,13,0,0,65
1462,191,,21,51,20,0,0
1463,192,,40,15,0,0,40
1464,193,,58,15,0,45,0
1465,194,,95,5,0,0,0
1466,195,,20,60,0,40,0
1467,196,1,50,40,0,0,0
1468,196,2,52,0,0,0,0
1469,196,3,18,47,0,0,0
1470,196,4,61,61,0,0,0
1471,196,5,39,9,0,0,0
1472,196,6,10,8,0,46,0
1473,196,7,9,39,0,0,0
1474,196,8,10,8,0,46,0
1475,196,9,10,8,45,0,0
1476,196,10,45,36,45,0,0
1477,196,11,45,36,0,0,30
1478,196,12,45,36,0,0,30
1479,196,13,20,16,0,0,76
1480,197,,25,44,0,30,0
1481,198,1,54,38,0,0,0
1482,198,2,54,0,0,0,0
1483,198,3,18,49,0,0,0
1484,198,4,59,59,0,0,0
1485,198,5,38,9,0,0,0
1486,198,6,10,7,0,44,0
1487,198,7,9,38,0,0,0
1488,198,8,10,7,0,44,0
1489,198,9,10,7,44,0,0
1490,198,10,48,34,36,0,0
1491,198,11,51,36,0,0,30
1492,198,12,51,36,0,0,30
1493,198,13,21,15,0,0,78
1494,199,1,36,59,0,0,0
1495,199,2,52,0,0,0,0
1496,199,3,19,51,0,0,0
1497,199,4,61,61,0,0,0
1498,199,5,40,9,0,0,0
1499,199,6,7,11,0,47,0
1500,199,7,9,40,0,0,0
1501,199,8,7,11,0,47,0
1502,199,9,7,11,47,0,0
1503,199,10,32,53,39,0,0
1504,199,11,34,56,0,0,30
1505,199,12,34,56,0,0,30
1506,199,13,14,23,0,0,80
1507,200,1,30,60,0,0,0
1508,200,2,52,0,0,0,0
1509,200,3,18,65,0,0,0
1510,200,4,59,59,0,0,0
1511,200,5,37,9,0,0,0
1512,200,6,6,12,0,43,0
1513,200,7,9,37,0,0,0
1514,200,8,6,12,0,43,0
1515,200,9,6,12,43,0,0
1516,200,10,27,54,36,0,0
1517,200,11,28,57,0,0,30
1518,200,12,28,57,0,0,30
1519,200,13,12,24,0,0,76
1520,201,1,40,52,0,0,0
1521,201,2,53,0,0,0,0
1522,201,3,18,49,0,0,0
1523,201,4,60,60,0,0,0
1524,201,5,40,9,0,0,0
1525,201,6,8,10,0,47,0
1526,201,7,9,40,0,0,0
1527,201,8,8,10,0,47,0
1528,201,9,8,10,46,0,0
1529,201,10,36,46,46,0,0
1530,201,11,38,49,0,0,30
1531,201,12,38,49,0,0,30
1532,201,13,16,20,0,0,78
1533,202,,55,30,0,0,0
1534,203,1,79,5,0,0,0
1535,203,2,71,0,0,0,0
1536,203,3,16,52,0,0,0
1537,203,4,62,62,0,0,0
1538,203,5,43,8,0,0,0
1539,203,6,15,4,0,50,0
1540,203,7,8,43,0,0,0
1541,203,8,15,4,0,50,0
1542,203,9,15,4,50,0,0
1543,203,10,71,4,33,0,0
1544,203,11,71,4,0,0,30
1545,203,12,71,4,0,0,30
1546,203,13,31,4,0,0,71
1547,204,,0,0,0,0,135
1548,205,1,35,56,0,0,0
1549,205,2,53,0,0,0,0
1550,205,3,18,49,0,0,0
1551,205,4,60,60,0,0,0
1552,205,5,40,9,0,0,0
1553,205,6,7,11,0,50,0
1554,205,7,9,40,0,0,0
1555,205,8,7,11,0,50,0
1556,205,9,7,11,48,0,0
1557,205,10,31,50,40,0,0
1558,205,11,33,53,0,0,30
1559,205,12,33,53,0,0,30
1560,205,13,14,22,0,0,77
1561,206,,50,15,0,32,0
1562,207,1,45,43,0,0,0
1563,207,2,51,0,0,0,0
1564,207,3,17,47,0,0,0
1565,207,4,59,59,0,0,0
1566,207,5,39,8,0,0,0
1567,207,6,9,8,0,45,0
1568,207,7,8,39,0,0,0
1569,207,8,9,8,0,45,0
1570,207,9,9,8,44,0,0
1571,207,10,40,38,39,0,0
1572,207,11,42,40,0,0,30
1573,207,12,42,40,0,0,30
1574,207,13,18,17,0,0,74
1575,208,,36,45,40,0,0
1576,209,1,5,64,0,0,0
1577,209,2,44,0,0,0,0
1578,209,3,0,60,0,0,0
1579,209,4,51,51,0,0,0
1580,209,5,34,6,0,0,0
1581,209,6,4,12,0,36,0
1582,209,7,6,34,0,0,0
1583,209,8,4,12,0,36,0
1584,209,9,4,12,37,0,0
1585,209,10,4,57,27,0,0
1586,209,11,4,60,0,0,30
1587,209,12,4,60,0,0,30
1588,209,13,4,25,0,0,58
1589,210,1,10,80,0,0,0
1590,210,2,55,0,0,0,0
1591,210,3,18,69,0,0,0
1592,210,4,62,62,0,0,0
1593,210,5,45,9,0,0,0
1594,210,6,5,16,0,54,0
1595,210,7,9,45,0,0,0
1596,210,8,5,16,0,54,0
1597,210,9,5,16,54,0,0
1598,210,10,9,72,36,0,0
1599,210,11,9,76,0,0,30
1600,210,12,9,76,0,0,30
1601,210,13,4,32,0,0,76
1602,211,,51,35,0,0,0
1603,212,1,74,10,0,0,0
1604,212,2,70,0,0,0,0
1605,212,3,16,50,0,0,0
1606,212,4,61,61,0,0,0
1607,212,5,41,8,0,0,0
1608,212,6,14,5,0,47,0
1609,212,7,8,41,0,0,0
1610,212,8,14,5,0,47,0
1611,212,9,14,5,47,0,0
1612,212,10,66,9,33,0,0
1613,212,11,70,9,0,0,30
1614,212,12,70,9,0,0,30
1615,212,13,29,4,0,0,71
1616,213,,47,15,0,25,0
1617,214,1,23,65,0,0,0
1618,214,2,49,0,0,0,0
1619,214,3,17,63,0,0,0
1620,214,4,56,56,0,0,0
1621,214,5,37,17,0,0,0
1622,214,6,6,19,0,38,0
1623,214,7,17,37,0,0,0
1624,214,8,6,19,0,38,0
1625,214,9,6,19,42,0,0
1626,214,10,20,58,30,0,0
1627,214,11,21,61,0,0,30
1628,214,12,21,61,0,0,30
1629,214,13,9,26,0,0,74
1630,215,1,42,30,0,0,0
1631,215,2,44,0,0,0,0
1632,215,3,14,37,0,0,0
1633,215,4,50,50,0,0,0
1634,215,5,28,14,0,0,0
1635,215,6,12,9,0,28,0
1636,215,7,14,28,0,0,0
1637,215,8,12,9,0,28,0
1638,215,9,12,9,30,0,0
1639,215,10,37,27,25,0,0
1640,215,11,39,28,0,0,30
1641,215,12,39,28,0,0,30
1642,215,13,16,12,0,0,61
1643,216,,28,42,0,20,0
1644,217,,20,35,0,45,0
1645,218,1,34,45,0,0,0
1646,218,2,45,0,0,0,0
1647,218,3,15,46,0,0,0
1648,218,4,55,55,0,0,0
1649,218,5,31,15,0,0,0
1650,218,6,13,18,0,29,0
1651,218,7,15,31,0,0,0
1652,218,8,13,18,0,29,0
1653,218,9,13,18,33,0,0
1654,218,10,30,40,39,0,0
1655,218,11,32,42,0,0,30
1656,218,12,32,42,0,0,30
1657,218,13,13,18,0,0,67
1658,219,1,20,60,0,0,0
1659,219,2,46,0,0,0,0
1660,219,3,16,60,0,0,0
1661,219,4,53,53,0,0,0
1662,219,5,32,16,0,0,0
1663,219,6,8,24,0,28,0
1664,219,7,16,32,0,0,0
1665,219,8,8,24,0,28,0
1666,219,9,8,24,32,0,0
1667,219,10,18,54,30,0,0
1668,219,11,19,57,0,0,30
1669,219,12,19,57,0,0,30
1670,219,13,8,24,0,0,68
1671,220,,20,50,0,38,0
1672,221,1,28,43,0,0,0
1673,221,2,42,0,0,0,0
1674,221,3,14,41,0,0,0
1675,221,4,49,49,0,0,0
1676,221,5,28,14,0,0,0
1677,221,6,11,17,0,23,0
1678,221,7,14,28,0,0,0
1679,221,8,11,17,0,23,0
1680,221,9,11,17,28,0,0
1681,221,10,25,38,24,0,0
1682,221,11,26,40,0,0,30
1683,221,12,26,40,0,0,30
1684,221,13,11,17,0,0,60
1685,222,,55,25,0,50,0
1686,223,1,15,70,0,0,0
1687,223,2,51,0,0,0,0
1688,223,3,8,66,0,0,0
1689,223,4,58,58,0,0,0
1690,223,5,37,17,0,0,0
1691,223,6,6,28,0,33,0
1692,223,7,17,37,0,0,0
1693,223,8,6,28,0,33,0
1694,223,9,6,28,39,0,0
1695,223,10,13,63,34,0,0
1696,223,11,14,66,0,0,30
1697,223,12,14,66,0,0,30
1698,223,13,6,28,0,0,76
1699,224,1,48,43,0,0,0
1700,224,2,53,0,0,0,0
1701,224,3,18,49,0,0,0
1702,224,4,60,60,0,0,0
1703,224,5,38,18,0,0,0
1704,224,6,14,12,0,45,0
1705,224,7,18,38,0,0,0
1706,224,8,14,12,0,45,0
1707,224,9,14,12,47,0,0
1708,224,10,43,38,45,0,0
1709,224,11,43,38,0,0,30
1710,224,12,43,38,0,0,30
1711,224,13,19,17,0,0,77
1712,225,1,48,43,0,0,0
1713,225,2,53,0,0,0,0
1714,225,3,18,49,0,0,0
1715,225,4,60,60,0,0,0
1716,225,5,38,18,0,0,0
1717,225,6,14,12,0,45,0
1718,225,7,18,38,0,0,0
1719,225,8,14,12,0,45,0
1720,225,9,14,12,47,0,0
1721,225,10,43,38,45,0,0
1722,225,11,43,38,0,0,30
1723,225,12,43,38,0,0,30
1724,225,13,19,17,0,0,77
1725,226,,40,25,0,30,0
1726,227,1,56,20,0,0,0
1727,227,2,58,0,0,0,0
1728,227,3,15,41,0,0,0
1729,227,4,51,51,0,0,0
1730,227,5,31,15,0,0,0
1731,227,6,16,6,0,30,0
1732,227,7,15,31,0,0,0
1733,227,8,16,6,0,30,0
1734,227,9,16,6,36,0,0
1735,227,10,50,18,30,0,0
1736,227,11,53,19,0,0,30
1737,227,12,53,19,0,0,30
1738,227,13,22,8,0,0,64
1739,228,1,56,17,0,0,0
1740,228,2,56,0,0,0,0
1741,228,3,14,40,0,0,0
1742,228,4,49,49,0,0,0
1743,228,5,30,14,0,0,0
1744,228,6,16,5,0,29,0
1745,228,7,14,30,0,0,0
1746,228,8,16,5,0,29,0
1747,228,9,16,5,35,0,0
1748,228,10,50,15,29,0,0
1749,228,11,53,16,0,0,30
1750,228,12,53,16,0,0,30
1751,228,13,22,6,0,0,62
1752,229,1,30,45,0,0,0
1753,229,2,43,0,0,0,0
1754,229,3,15,44,0,0,0
1755,229,4,53,53,0,0,0
1756,229,5,31,15,0,0,0
1757,229,6,9,13,0,33,0
1758,229,7,15,31,0,0,0
1759,229,8,9,13,0,33,0
1760,229,9,9,13,37,0,0
1761,229,10,27,40,33,0,0
1762,229,11,28,42,0,0,30
1763,229,12,28,42,0,0,30
1764,229,13,12,18,0,0,63
1765,230,,10,65,0,0,35
1766,231,,42,33,0,0,0
1767,232,,0,0,0,80,0
1768,233,1,22,60,0,0,0
1769,233,2,47,0,0,0,0
1770,233,3,16,61,0,0,0
1771,233,4,55,55,0,0,0
1772,233,5,36,16,0,0,0
1773,233,6,6,18,0,36,0
1774,233,7,16,36,0,0,0
1775,233,8,6,18,0,36,0
1776,233,9,6,18,42,0,0
1777,233,10,19,54,32,0,0
1778,233,11,20,57,0,0,30
1779,233,12,20,57,0,0,30
1780,233,13,8,24,0,0,69
1781,234,1,38,50,0,0,0
1782,234,2,51,0,0,0,0
1783,234,3,17,49,0,0,0
1784,234,4,60,60,0,0,0
1785,234,5,39,17,0,0,0
1786,234,6,15,20,0,39,0
1787,234,7,17,39,0,0,0
1788,234,8,15,20,0,39,0
1789,234,9,11,15,48,0,0
1790,234,10,34,45,44,0,0
1791,234,11,36,47,0,0,30
1792,234,12,36,47,0,0,30
1793,234,13,15,20,0,0,74
1794,235,1,43,35,0,0,0
1795,235,2,46,0,0,0,0
1796,235,3,15,43,0,0,0
1797,235,4,56,56,0,0,0
1798,235,5,33,15,0,0,0
1799,235,6,12,10,0,34,0
1800,235,7,15,33,0,0,0
1801,235,8,12,10,0,34,0
1802,235,9,12,10,39,0,0
1803,235,10,38,31,35,0,0
1804,235,11,40,33,0,0,30
1805,235,12,40,33,0,0,30
1806,235,13,17,14,0,0,66
1807,236,1,10,72,0,0,0
1808,236,2,52,0,0,0,0
1809,236,3,16,68,0,0,0
1810,236,4,60,60,0,0,0
1811,236,5,41,16,0,0,0
1812,236,6,4,30,0,38,0
1813,236,7,16,41,0,0,0
1814,236,8,4,30,0,38,0
1815,236,9,4,21,49,0,0
1816,236,10,9,64,41,0,0
1817,236,11,9,68,0,0,30
1818,236,12,9,68,0,0,30
1819,236,13,4,50,0,0,69
1820,237,1,76,10,0,0,0
1821,237,2,67,0,0,0,0
1822,237,3,17,48,0,0,0
1823,237,4,59,59,0,0,0
1824,237,5,40,12,0,0,0
1825,237,6,30,4,0,34,0
1826,237,7,17,40,0,0,0
1827,237,8,30,4,0,34,0
1828,237,9,30,4,43,0,0
1829,237,10,68,9,34,0,0
1830,237,11,72,9,0,0,30
1831,237,12,72,9,0,0,30
1832,237,13,60,0,0,0,73
1833,238,,48,30,0,0,0
1834,182,,81,0,0,20,0
1835,239,,48,48,0,30,0
1836,240,1,17,58,0,0,0
1837,240,2,45,0,0,0,0
1838,240,3,15,56,0,0,0
1839,240,4,51,51,0,0,0
1840,240,5,30,15,0,0,0
1841,240,6,5,17,0,27,0
1842,240,7,15,30,0,0,0
1843,240,8,5,17,0,27,0
1844,240,9,5,17,30,0,0
1845,240,10,15,52,26,0,0
1846,240,11,16,55,0,0,30
1847,240,12,16,55,0,0,30
1848,240,13,6,23,0,0,63
1849,241,,47,30,0,0,0
1850,242,,45,35,0,0,0
1851,243,,84,20,0,50,0
1852,244,,41,41,20,0,0
1853,245,,42,42,0,0,0
1854,246,1,86,0,0,0,0
1855,246,2,73,0,0,0,0
1856,246,3,17,53,0,0,0
1857,246,4,63,63,0,0,0
1858,246,5,43,17,0,0,0
1859,246,6,34,0,0,41,0
1860,246,7,17,43,0,0,0
1861,246,8,34,0,0,41,0
1862,246,9,34,0,47,0,0
1863,246,10,77,0,38,0,0
1864,246,11,81,0,0,0,30
1865,246,12,81,0,0,0,30
1866,246,13,68,0,0,0,73
1867,247,1,58,26,0,0,0
1868,247,2,63,0,0,0,0
1869,247,3,16,45,0,0,0
1870,247,4,55,55,0,0,0
1871,247,5,34,16,0,0,0
1872,247,6,20,9,0,31,0
1873,247,7,16,34,0,0,0
1874,247,8,20,9,0,31,0
1875,247,9,20,9,36,0,0
1876,247,10,52,23,33,0,0
1877,247,11,55,24,0,0,30
1878,247,12,55,24,0,0,30
1879,247,13,23,10,0,0,71
1880,248,,70,15,0,25,0
1881,249,,53,20,0,0,0
1882,250,1,17,60,0,0,0
1883,250,2,46,0,0,0,0
1884,250,3,15,57,0,0,0
1885,250,4,53,53,0,0,0
1886,250,5,30,15,0,0,0
1887,250,6,5,18,0,27,0
1888,250,7,15,30,0,0,0
1889,250,8,5,18,0,27,0
1890,250,9,5,18,30,0,0
1891,250,10,15,54,26,0,0
1892,250,11,16,57,0,0,30
1893,250,12,16,57,0,0,30
1894,250,13,6,24,0,0,65
1895,251,,50,35,0,0,0
1896,252,,35,65,0,0,0
1897,253,,15,25,0,45,0
1898,254,,20,20,45,0,0
1899,255,,61,18,0,0,0
1900,256,,25,10,0,47,0
1901,257,1,10,30,0,0,0
1902,257,2,38,0,0,0,0
1903,257,3,8,36,0,0,0
1904,257,4,44,44,0,0,0
1905,257,5,32,20,0,0,0
1906,257,6,4,12,0,28,0
1907,257,7,8,34,0,0,0
1908,257,8,5,15,0,24,0
1909,257,9,4,12,28,0,0
1910,257,10,9,28,26,0,0
1911,257,11,9,27,0,0,30
1912,257,12,9,27,0,0,30
1913,257,13,9,0,0,0,38
1914,258,1,24,0,0,0,0
1915,258,2,22,0,0,0,0
1916,258,3,4,21,0,0,0
1917,258,4,26,26,0,0,0
1918,258,5,19,12,0,0,0
1919,258,6,9,0,0,16,0
1920,258,7,4,20,0,0,0
1921,258,8,12,0,0,14,0
1922,258,9,9,0,16,0,0
1923,258,10,22,0,15,0,0
1924,258,11,21,0,0,0,30
1925,258,12,21,0,0,0,30
1926,258,13,22,0,0,0,22
1927,259,1,24,0,0,0,0
1928,259,2,22,0,0,0,0
1929,259,3,4,21,0,0,0
1930,259,4,26,26,0,0,0
1931,259,5,19,12,0,0,0
1932,259,6,9,0,0,16,0
1933,259,7,4,20,0,0,0
1934,259,8,12,0,0,14,0
1935,259,9,9,0,16,0,0
1936,259,10,22,0,15,0,0
1937,259,11,21,0,0,0,30
1938,259,12,21,0,0,0,30
1939,259,13,22,0,0,0,22
1940,260,1,24,0,0,0,0
1941,260,2,22,0,0,0,0
1942,260,3,4,21,0,0,0
1943,260,4,26,26,0,0,0
1944,260,5,19,12,0,0,0
1945,260,6,9,0,0,16,0
1946,260,7,4,20,0,0,0
1947,260,8,12,0,0,14,0
1948,260,9,9,0,16,0,0
1949,260,10,22,0,15,0,0
1950,260,11,21,0,0,0,30
1951,260,12,21,0,0,0,30
1952,260,13,22,0,0,0,22
1953,261,1,24,0,0,0,0
1954,261,2,22,0,0,0,0
1955,261,3,4,21,0,0,0
1956,261,4,26,26,0,0,0
1957,261,5,19,12,0,0,0
1958,261,6,9,0,0,16,0
1959,261,7,4,20,0,0,0
1960,261,8,12,0,0,14,0
1961,261,9,9,0,16,0,0
1962,261,10,22,0,15,0,0
1963,261,11,21,0,0,0,30
1964,261,12,21,0,0,0,30
1965,261,13,22,0,0,0,22
1966,262,1,24,0,0,0,0
1967,262,2,22,0,0,0,0
1968,262,3,4,21,0,0,0
1969,262,4,26,26,0,0,0
1970,262,5,19,12,0,0,0
1971,262,6,9,0,0,16,0
1972,262,7,4,20,0,0,0
1973,262,8,12,0,0,14,0
1974,262,9,9,0,16,0,0
1975,262,10,22,0,15,0,0
1976,262,11,21,0,0,0,30
1977,262,12,21,0,0,0,30
1978,262,13,22,0,0,0,22
1979,263,1,24,0,0,0,0
1980,263,2,22,0,0,0,0
1981,263,3,4,21,0,0,0
1982,263,4,26,26,0,0,0
1983,263,5,19,12,0,0,0
1984,263,6,9,0,0,16,0
1985,263,7,4,20,0,0,0
1986,263,8,12,0,0,14,0
1987,263,9,9,0,16,0,0
1988,263,10,22,0,15,0,0
1989,263,11,21,0,0,0,30
1990,263,12,21,0,0,0,30
1991,263,13,22,0,0,0,22
1992,264,1,24,0,0,0,0
1993,264,2,22,0,0,0,0
1994,264,3,4,21,0,0,0
1995,264,4,26,26,0,0,0
1996,264,5,19,12,0,0,0
1997,264,6,9,0,0,16,0
1998,264,7,4,20,0,0,0
1999,264,8,12,0,0,14,0
2000,264,9,9,0,16,0,0
2001,264,10,22,0,15,0,0
2002,264,11,21,0,0,0,30
2003,264,12,21,0,0,0,30
2004,264,13,22,0,0,0,22
2005,265,1,24,0,0,0,0
2006,265,2,22,0,0,0,0
2007,265,3,4,21,0,0,0
2008,265,4,26,26,0,0,0
2009,265,5,19,12,0,0,0
2010,265,6,9,0,0,16,0
2011,265,7,4,20,0,0,0
2012,265,8,12,0,0,14,0
2013,265,9,9,0,16,0,0
2014,265,10,22,0,15,0,0
2015,265,11,21,0,0,0,30
2016,265,12,21,0,0,0,30
2017,265,13,22,0,0,0,22
2018,266,1,24,0,0,0,0
2019,266,2,22,0,0,0,0
2020,266,3,4,21,0,0,0
2021,266,4,26,26,0,0,0
2022,266,5,19,12,0,0,0
2023,266,6,9,0,0,16,0
2024,266,7,4,20,0,0,0
2025,266,8,12,0,0,14,0
2026,266,9,9,0,16,0,0
2027,266,10,22,0,15,0,0
2028,266,11,21,0,0,0,30
2029,266,12,21,0,0,0,30
2030,266,13,22,0,0,0,22
2031,267,1,24,0,0,0,0
2032,267,2,22,0,0,0,0
2033,267,3,4,21,0,0,0
2034,267,4,26,26,0,0,0
2035,267,5,19,12,0,0,0
2036,267,6,9,0,0,16,0
2037,267,7,4,20,0,0,0
2038,267,8,12,0,0,14,0
2039,267,9,9,0,16,0,0
2040,267,10,22,0,15,0,0
2041,267,11,21,0,0,0,30
2042,267,12,21,0,0,0,30
2043,267,13,22,0,0,0,22
2044,268,1,24,0,0,0,0
2045,268,2,22,0,0,0,0
2046,268,3,4,21,0,0,0
2047,268,4,26,26,0,0,0
2048,268,5,19,12,0,0,0
2049,268,6,9,0,0,16,0
2050,268,7,4,20,0,0,0
2051,268,8,12,0,0,14,0
2052,268,9,9,0,16,0,0
2053,268,10,22,0,15,0,0
2054,268,11,21,0,0,0,30
2055,268,12,21,0,0,0,30
2056,268,13,22,0,0,0,22
2057,269,1,24,0,0,0,0
2058,269,2,22,0,0,0,0
2059,269,3,4,21,0,0,0
2060,269,4,26,26,0,0,0
2061,269,5,19,12,0,0,0
2062,269,6,9,0,0,16,0
2063,269,7,4,20,0,0,0
2064,269,8,12,0,0,14,0
2065,269,9,9,0,16,0,0
2066,269,10,22,0,15,0,0
2067,269,11,21,0,0,0,30
2068,269,12,21,0,0,0,30
2069,269,13,22,0,0,0,22
2070,270,1,24,0,0,0,0
2071,270,2,22,0,0,0,0
2072,270,3,4,21,0,0,0
2073,270,4,26,26,0,0,0
2074,270,5,19,12,0,0,0
2075,270,6,9,0,0,16,0
2076,270,7,4,20,0,0,0
2077,270,8,12,0,0,14,0
2078,270,9,9,0,16,0,0
2079,270,10,22,0,15,0,0
2080,270,11,21,0,0,0,30
2081,270,12,21,0,0,0,30
2082,270,13,22,0,0,0,22
2083,271,,24,0,0,40,0
2084,272,1,24,0,0,0,0
2085,272,2,22,0,0,0,0
2086,272,3,4,21,0,0,0
2087,272,4,26,26,0,0,0
2088,272,5,19,12,0,0,0
2089,272,6,9,0,0,16,0
2090,272,7,4,20,0,0,0
2091,272,8,12,0,0,14,0
2092,272,9,9,0,16,0,0
2093,272,10,22,0,15,0,0
2094,272,11,21,0,0,0,30
2095,272,12,21,0,0,0,30
2096,272,13,22,0,0,0,22
2097,273,,24,0,0,0,0
2098,274,1,40,0,0,0,0
2099,274,2,36,0,0,0,0
2100,274,3,8,32,0,0,0
2101,274,4,40,40,0,0,0
2102,274,5,28,12,0,0,0
2103,274,6,14,0,0,24,0
2104,274,7,8,28,0,0,0
2105,274,8,18,0,0,24,0
2106,274,9,16,0,24,0,0
2107,274,10,36,0,24,0,0
2108,274,11,38,0,0,0,30
2109,274,12,38,0,0,0,30
2110,274,13,38,0,0,0,38
2111,275,1,40,0,0,0,0
2112,275,2,36,0,0,0,0
2113,275,3,8,32,0,0,0
2114,275,4,40,40,0,0,0
2115,275,5,28,12,0,0,0
2116,275,6,14,0,0,24,0
2117,275,7,8,28,0,0,0
2118,275,8,18,0,0,24,0
2119,275,9,16,0,24,0,0
2120,275,10,36,0,24,0,0
2121,275,11,38,0,0,0,30
2122,275,12,38,0,0,0,30
2123,275,13,38,0,0,0,38
2124,276,1,40,0,0,0,0
2125,276,2,36,0,0,0,0
2126,276,3,8,32,0,0,0
2127,276,4,40,40,0,0,0
2128,276,5,28,12,0,0,0
2129,276,6,14,0,0,24,0
2130,276,7,8,28,0,0,0
2131,276,8,18,0,0,24,0
2132,276,9,16,0,24,0,0
2133,276,10,36,0,24,0,0
2134,276,11,38,0,0,0,30
2135,276,12,38,0,0,0,30
2136,276,13,38,0,0,0,38
2137,277,1,40,0,0,0,0
2138,277,2,36,0,0,0,0
2139,277,3,8,32,0,0,0
2140,277,4,40,40,0,0,0
2141,277,5,28,12,0,0,0
2142,277,6,14,0,0,24,0
2143,277,7,8,28,0,0,0
2144,277,8,18,0,0,24,0
2145,277,9,16,0,24,0,0
2146,277,10,36,0,24,0,0
2147,277,11,38,0,0,0,30
2148,277,12,38,0,0,0,30
2149,277,13,38,0,0,0,38
2150,278,1,40,0,0,0,0
2151,278,2,36,0,0,0,0
2152,278,3,8,32,0,0,0
2153,278,4,40,40,0,0,0
2154,278,5,28,12,0,0,0
2155,278,6,14,0,0,24,0
2156,278,7,8,28,0,0,0
2157,278,8,18,0,0,24,0
2158,278,9,16,0,24,0,0
2159,278,10,36,0,24,0,0
2160,278,11,38,0,0,0,30
2161,278,12,38,0,0,0,30
2162,278,13,38,0,0,0,38
2163,279,1,40,0,0,0,0
2164,279,2,36,0,0,0,0
2165,279,3,8,32,0,0,0
2166,279,4,40,40,0,0,0
2167,279,5,28,12,0,0,0
2168,279,6,14,0,0,24,0
2169,279,7,8,28,0,0,0
2170,279,8,18,0,0,24,0
2171,279,9,16,0,24,0,0
2172,279,10,36,0,24,0,0
2173,279,11,38,0,0,0,30
2174,279,12,38,0,0,0,30
2175,279,13,38,0,0,0,38
2176,280,,40,0,30,0,0
2177,281,1,40,0,0,0,0
2178,281,2,36,0,0,0,0
2179,281,3,8,32,0,0,0
2180,281,4,40,40,0,0,0
2181,281,5,28,12,0,0,0
2182,281,6,14,0,0,24,0
2183,281,7,8,28,0,0,0
2184,281,8,18,0,0,24,0
2185,281,9,16,0,24,0,0
2186,281,10,36,0,24,0,0
2187,281,11,38,0,0,0,30
2188,281,12,38,0,0,0,30
2189,281,13,38,0,0,0,38
2190,282,1,40,0,0,0,0
2191,282,2,36,0,0,0,0
2192,282,3,8,32,0,0,0
2193,282,4,40,40,0,0,0
2194,282,5,28,12,0,0,0
2195,282,6,14,0,0,24,0
2196,282,7,8,28,0,0,0
2197,282,8,18,0,0,24,0
2198,282,9,16,0,24,0,0
2199,282,10,36,0,24,0,0
2200,282,11,38,0,0,0,30
2201,282,12,38,0,0,0,30
2202,282,13,38,0,0,0,38
2203,283,1,40,0,0,0,0
2204,283,2,36,0,0,0,0
2205,283,3,8,32,0,0,0
2206,283,4,40,40,0,0,0
2207,283,5,28,12,0,0,0
2208,283,6,14,0,0,24,0
2209,283,7,8,28,0,0,0
2210,283,8,18,0,0,24,0
2211,283,9,16,0,24,0,0
2212,283,10,36,0,24,0,0
2213,283,11,38,0,0,0,30
2214,283,12,38,0,0,0,30
2215,283,13,38,0,0,0,38
2216,284,1,40,0,0,0,0
2217,284,2,36,0,0,0,0
2218,284,3,8,32,0,0,0
2219,284,4,40,40,0,0,0
2220,284,5,28,12,0,0,0
2221,284,6,14,0,0,24,0
2222,284,7,8,28,0,0,0
2223,284,8,18,0,0,24,0
2224,284,9,16,0,24,0,0
2225,284,10,36,0,24,0,0
2226,284,11,38,0,0,0,30
2227,284,12,38,0,0,0,30
2228,284,13,38,0,0,0,38
2229,285,1,40,0,0,0,0
2230,285,2,36,0,0,0,0
2231,285,3,8,32,0,0,0
2232,285,4,40,40,0,0,0
2233,285,5,28,12,0,0,0
2234,285,6,14,0,0,24,0
2235,285,7,8,28,0,0,0
2236,285,8,18,0,0,24,0
2237,285,9,16,0,24,0,0
2238,285,10,36,0,24,0,0
2239,285,11,38,0,0,0,30
2240,285,12,38,0,0,0,30
2241,285,13,38,0,0,0,38
2242,286,1,40,0,0,0,0
2243,286,2,36,0,0,0,0
2244,286,3,8,32,0,0,0
2245,286,4,40,40,0,0,0
2246,286,5,28,12,0,0,0
2247,286,6,14,0,0,24,0
2248,286,7,8,28,0,0,0
2249,286,8,18,0,0,24,0
2250,286,9,16,0,24,0,0
2251,286,10,36,0,24,0,0
2252,286,11,38,0,0,0,30
2253,286,12,38,0,0,0,30
2254,286,13,38,0,0,0,38
2255,287,1,40,0,0,0,0
2256,287,2,36,0,0,0,0
2257,287,3,8,32,0,0,0
2258,287,4,40,40,0,0,0
2259,287,5,28,12,0,0,0
2260,287,6,14,0,0,24,0
2261,287,7,8,28,0,0,0
2262,287,8,18,0,0,24,0
2263,287,9,16,0,24,0,0
2264,287,10,36,0,24,0,0
2265,287,11,38,0,0,0,30
2266,287,12,38,0,0,0,30
2267,287,13,38,0,0,0,38
2268,288,1,40,0,30,0,0
2269,288,2,38,0,14,0,0
2270,288,3,14,35,14,0,0
2271,288,4,44,44,14,0,0
2272,288,5,35,7,14,0,0
2273,288,6,8,0,14,42,0
2274,288,7,14,33,14,0,0
2275,288,8,8,0,14,42,0
2276,288,9,4,0,38,0,0
2277,288,10,36,0,42,0,0
2278,288,11,38,0,14,0,30
2279,288,12,38,0,14,0,30
2280,288,13,38,0,14,0,56
2281,289,1,40,0,0,0,0
2282,289,2,36,0,0,0,0
2283,289,3,8,32,0,0,0
2284,289,4,40,40,0,0,0
2285,289,5,28,12,0,0,0
2286,289,6,14,0,0,24,0
2287,289,7,8,28,0,0,0
2288,289,8,18,0,0,24,0
2289,289,9,16,0,24,0,0
2290,289,10,36,0,24,0,0
2291,289,11,38,0,0,0,30
2292,289,12,38,0,0,0,30
2293,289,13,38,0,0,0,38
2294,290,1,40,0,0,0,0
2295,290,2,36,0,0,0,0
2296,290,3,8,32,0,0,0
2297,290,4,40,40,0,0,0
2298,290,5,28,12,0,0,0
2299,290,6,14,0,0,24,0
2300,290,7,8,28,0,0,0
2301,290,8,18,0,0,24,0
2302,290,9,16,0,24,0,0
2303,290,10,36,0,24,0,0
2304,290,11,38,0,0,0,30
2305,290,12,38,0,0,0,30
2306,290,13,38,0,0,0,38
2307,291,1,40,0,0,0,0
2308,291,2,36,0,0,0,0
2309,291,3,8,32,0,0,0
2310,291,4,40,40,0,0,0
2311,291,5,28,12,0,0,0
2312,291,6,14,0,0,24,0
2313,291,7,8,28,0,0,0
2314,291,8,18,0,0,24,0
2315,291,9,16,0,24,0,0
2316,291,10,36,0,24,0,0
2317,291,11,38,0,0,0,30
2318,291,12,38,0,0,0,30
2319,291,13,38,0,0,0,38
2320,292,1,40,0,0,0,0
2321,292,2,36,0,0,0,0
2322,292,3,8,32,0,0,0
2323,292,4,40,40,0,0,0
2324,292,5,28,12,0,0,0
2325,292,6,14,0,0,24,0
2326,292,7,8,28,0,0,0
2327,292,8,18,0,0,24,0
2328,292,9,16,0,24,0,0
2329,292,10,36,0,24,0,0
2330,292,11,38,0,0,0,30
2331,292,12,38,0,0,0,30
2332,292,13,38,0,0,0,38
2333,293,1,40,0,0,0,0
2334,293,2,36,0,0,0,0
2335,293,3,8,32,0,0,0
2336,293,4,40,40,0,0,0
2337,293,5,28,12,0,0,0
2338,293,6,14,0,0,24,0
2339,293,7,8,28,0,0,0
2340,293,8,18,0,0,24,0
2341,293,9,16,0,24,0,0
2342,293,10,36,0,24,0,0
2343,293,11,38,0,0,0,30
2344,293,12,38,0,0,0,30
2345,293,13,38,0,0,0,38
2346,294,1,40,0,0,0,0
2347,294,2,36,0,0,0,0
2348,294,3,8,32,0,0,0
2349,294,4,40,40,0,0,0
2350,294,5,28,12,0,0,0
2351,294,6,14,0,0,24,0
2352,294,7,8,28,0,0,0
2353,294,8,18,0,0,24,0
2354,294,9,16,0,24,0,0
2355,294,10,36,0,24,0,0
2356,294,11,38,0,0,0,30
2357,294,12,38,0,0,0,30
2358,294,13,38,0,0,0,38
2359,295,1,40,0,0,0,0
2360,295,2,36,0,0,0,0
2361,295,3,8,32,0,0,0
2362,295,4,40,40,0,0,0
2363,295,5,28,12,0,0,0
2364,295,6,14,0,0,24,0
2365,295,7,8,28,0,0,0
2366,295,8,18,0,0,24,0
2367,295,9,16,0,24,0,0
2368,295,10,36,0,24,0,0
2369,295,11,38,0,0,0,30
2370,295,12,38,0,0,0,30
2371,295,13,38,0,0,0,38
2372,296,1,40,0,0,0,0
2373,296,2,36,0,0,0,0
2374,296,3,8,32,0,0,0
2375,296,4,40,40,0,0,0
2376,296,5,28,12,0,0,0
2377,296,6,14,0,0,24,0
2378,296,7,8,28,0,0,0
2379,296,8,18,0,0,24,0
2380,296,9,16,0,24,0,0
2381,296,10,36,0,24,0,0
2382,296,11,38,0,0,0,30
2383,296,12,38,0,0,0,30
2384,296,13,38,0,0,0,38
2385,297,1,40,0,0,0,0
2386,297,2,36,0,0,0,0
2387,297,3,8,32,0,0,0
2388,297,4,40,40,0,0,0
2389,297,5,28,12,0,0,0
2390,297,6,14,0,0,24,0
2391,297,7,8,28,0,0,0
2392,297,8,18,0,0,24,0
2393,297,9,16,0,24,0,0
2394,297,10,36,0,24,0,0
2395,297,11,38,0,0,0,30
2396,297,12,38,0,0,0,30
2397,297,13,38,0,0,0,38
2398,298,1,40,0,0,0,0
2399,298,2,36,0,0,0,0
2400,298,3,8,32,0,0,0
2401,298,4,40,40,0,0,0
2402,298,5,28,12,0,0,0
2403,298,6,14,0,0,24,0
2404,298,7,8,28,0,0,0
2405,298,8,18,0,0,24,0
2406,298,9,16,0,24,0,0
2407,298,10,36,0,24,0,0
2408,298,11,38,0,0,0,30
2409,298,12,38,0,0,0,30
2410,298,13,38,0,0,0,38
2411,299,1,40,0,0,0,0
2412,299,2,36,0,0,0,0
2413,299,3,8,32,0,0,0
2414,299,4,40,40,0,0,0
2415,299,5,28,12,0,0,0
2416,299,6,14,0,0,24,0
2417,299,7,8,28,0,0,0
2418,299,8,18,0,0,24,0
2419,299,9,16,0,24,0,0
2420,299,10,36,0,24,0,0
2421,299,11,38,0,0,0,30
2422,299,12,38,0,0,0,30
2423,299,13,38,0,0,0,38
2424,300,1,40,0,0,0,0
2425,300,2,36,0,0,0,0
2426,300,3,8,32,0,0,0
2427,300,4,40,40,0,0,0
2428,300,5,28,12,0,0,0
2429,300,6,14,0,0,24,0
2430,300,7,8,28,0,0,0
2431,300,8,18,0,0,24,0
2432,300,9,16,0,24,0,0
2433,300,10,36,0,24,0,0
2434,300,11,38,0,0,0,30
2435,300,12,38,0,0,0,30
2436,300,13,38,0,0,0,38
2437,301,1,50,0,0,0,0
2438,301,2,42,0,0,0,0
2439,301,3,10,37,0,0,0
2440,301,4,47,47,0,0,0
2441,301,5,27,10,0,0,0
2442,301,6,20,0,0,22,0
2443,301,7,10,27,0,0,0
2444,301,8,20,0,0,22,0
2445,301,9,15,0,20,0,0
2446,301,10,45,0,17,0,0
2447,301,11,47,0,0,0,30
2448,301,12,47,0,0,0,30
2449,301,13,47,0,0,0,45
2450,302,1,50,0,0,0,0
2451,302,2,42,0,0,0,0
2452,302,3,10,37,0,0,0
2453,302,4,47,47,0,0,0
2454,302,5,27,10,0,0,0
2455,302,6,20,0,0,22,0
2456,302,7,10,27,0,0,0
2457,302,8,20,0,0,22,0
2458,302,9,15,0,20,0,0
2459,302,10,45,0,17,0,0
2460,302,11,47,0,0,0,30
2461,302,12,47,0,0,0,30
2462,302,13,47,0,0,0,45
2463,303,,50,0,0,0,0
2464,304,,40,20,0,0,0
2465,305,1,50,0,0,0,0
2466,305,2,42,0,0,0,0
2467,305,3,10,37,0,0,0
2468,305,4,47,47,0,0,0
2469,305,5,27,10,0,0,0
2470,305,6,20,0,0,22,0
2471,305,7,10,27,0,0,0
2472,305,8,20,0,0,22,0
2473,305,9,15,0,20,0,0
2474,305,10,45,0,17,0,0
2475,305,11,47,0,0,0,30
2476,305,12,47,0,0,0,30
2477,305,13,47,0,0,0,45
2478,306,,50,0,0,30,0
2479,307,1,50,0,0,0,0
2480,307,2,42,0,0,0,0
2481,307,3,10,37,0,0,0
2482,307,4,47,47,0,0,0
2483,307,5,27,10,0,0,0
2484,307,6,20,0,0,22,0
2485,307,7,10,27,0,0,0
2486,307,8,20,0,0,22,0
2487,307,9,15,0,20,0,0
2488,307,10,45,0,17,0,0
2489,307,11,47,0,0,0,30
2490,307,12,47,0,0,0,30
2491,307,13,47,0,0,0,45
2492,308,,50,0,0,0,0
2493,309,1,50,0,0,0,0
2494,309,2,42,0,0,0,0
2495,309,3,10,37,0,0,0
2496,309,4,47,47,0,0,0
2497,309,5,27,10,0,0,0
2498,309,6,20,0,0,22,0
2499,309,7,10,27,0,0,0
2500,309,8,20,0,0,22,0
2501,309,9,15,0,20,0,0
2502,309,10,45,0,17,0,0
2503,309,11,47,0,0,0,30
2504,309,12,47,0,0,0,30
2505,309,13,47,0,0,0,45
2506,310,,50,0,0,0,0
2507,311,,50,0,0,0,0
2508,312,,50,0,0,0,0
2509,313,1,50,0,0,0,0
2510,313,2,42,0,0,0,0
2511,313,3,10,37,0,0,0
2512,313,4,47,47,0,0,0
2513,313,5,27,10,0,0,0
2514,313,6,20,0,0,22,0
2515,313,7,10,27,0,0,0
2516,313,8,20,0,0,22,0
2517,313,9,15,0,20,0,0
2518,313,10,45,0,17,0,0
2519,313,11,47,0,0,0,30
2520,313,12,47,0,0,0,30
2521,313,13,47,0,0,0,45
2522,314,1,50,0,0,0,0
2523,314,2,42,0,0,0,0
2524,314,3,10,37,0,0,0
2525,314,4,47,47,0,0,0
2526,314,5,27,10,0,0,0
2527,314,6,20,0,0,22,0
2528,314,7,10,27,0,0,0
2529,314,8,20,0,0,22,0
2530,314,9,15,0,20,0,0
2531,314,10,45,0,17,0,0
2532,314,11,47,0,0,0,30
2533,314,12,47,0,0,0,30
2534,314,13,47,0,0,0,45
2535,315,1,50,0,0,0,0
2536,315,2,42,0,0,0,0
2537,315,3,10,37,0,0,0
2538,315,4,47,47,0,0,0
2539,315,5,27,10,0,0,0
2540,315,6,20,0,0,22,0
2541,315,7,10,27,0,0,0
2542,315,8,20,0,0,22,0
2543,315,9,15,0,20,0,0
2544,315,10,45,0,17,0,0
2545,315,11,47,0,0,0,30
2546,315,12,47,0,0,0,30
2547,315,13,47,0,0,0,45
2548,316,1,50,0,0,0,0
2549,316,2,42,0,0,0,0
2550,316,3,10,37,0,0,0
2551,316,4,47,47,0,0,0
2552,316,5,27,10,0,0,0
2553,316,6,20,0,0,22,0
2554,316,7,10,27,0,0,0
2555,316,8,20,0,0,22,0
2556,316,9,15,0,20,0,0
2557,316,10,45,0,17,0,0
2558,316,11,47,0,0,0,30
2559,316,12,47,0,0,0,30
2560,316,13,47,0,0,0,45
2561,317,,50,0,0,0,0
2562,318,1,50,0,0,0,0
2563,318,2,42,0,0,0,0
2564,318,3,10,37,0,0,0
2565,318,4,47,47,0,0,0
2566,318,5,27,10,0,0,0
2567,318,6,20,0,0,22,0
2568,318,7,10,27,0,0,0
2569,318,8,20,0,0,22,0
2570,318,9,15,0,20,0,0
2571,318,10,45,0,17,0,0
2572,318,11,47,0,0,0,30
2573,318,12,47,0,0,0,30
2574,318,13,47,0,0,0,45
2575,319,1,50,0,0,0,0
2576,319,2,42,0,0,0,0
2577,319,3,10,37,0,0,0
2578,319,4,47,47,0,0,0
2579,319,5,27,10,0,0,0
2580,319,6,20,0,0,22,0
2581,319,7,10,27,0,0,0
2582,319,8,20,0,0,22,0
2583,319,9,15,0,20,0,0
2584,319,10,45,0,17,0,0
2585,319,11,47,0,0,0,30
2586,319,12,47,0,0,0,30
2587,319,13,47,0,0,0,45
2588,320,1,50,0,0,0,0
2589,320,2,42,0,0,0,0
2590,320,3,10,37,0,0,0
2591,320,4,47,47,0,0,0
2592,320,5,27,10,0,0,0
2593,320,6,20,0,0,22,0
2594,320,7,10,27,0,0,0
2595,320,8,20,0,0,22,0
2596,320,9,15,0,20,0,0
2597,320,10,45,0,17,0,0
2598,320,11,47,0,0,0,30
2599,320,12,47,0,0,0,30
2600,320,13,47,0,0,0,45
2601,321,1,50,0,0,0,0
2602,321,2,42,0,0,0,0
2603,321,3,10,37,0,0,0
2604,321,4,47,47,0,0,0
2605,321,5,27,10,0,0,0
2606,321,6,20,0,0,22,0
2607,321,7,10,27,0,0,0
2608,321,8,20,0,0,22,0
2609,321,9,15,0,20,0,0
2610,321,10,45,0,17,0,0
2611,321,11,47,0,0,0,30
2612,321,12,47,0,0,0,30
2613,321,13,47,0,0,0,45
2614,322,1,50,0,0,0,0
2615,322,2,42,0,0,0,0
2616,322,3,10,37,0,0,0
2617,322,4,47,47,0,0,0
2618,322,5,27,10,0,0,0
2619,322,6,20,0,0,22,0
2620,322,7,10,27,0,0,0
2621,322,8,20,0,0,22,0
2622,322,9,15,0,20,0,0
2623,322,10,45,0,17,0,0
2624,322,11,47,0,0,0,30
2625,322,12,47,0,0,0,30
2626,322,13,47,0,0,0,45
2627,323,1,50,0,0,0,0
2628,323,2,42,0,0,0,0
2629,323,3,10,37,0,0,0
2630,323,4,47,47,0,0,0
2631,323,5,27,10,0,0,0
2632,323,6,20,0,0,22,0
2633,323,7,10,27,0,0,0
2634,323,8,20,0,0,22,0
2635,323,9,15,0,20,0,0
2636,323,10,45,0,17,0,0
2637,323,11,47,0,0,0,30
2638,323,12,47,0,0,0,30
2639,323,13,47,0,0,0,45
2640,324,1,50,0,0,0,0
2641,324,2,42,0,0,0,0
2642,324,3,10,37,0,0,0
2643,324,4,47,47,0,0,0
2644,324,5,27,10,0,0,0
2645,324,6,20,0,0,22,0
2646,324,7,10,27,0,0,0
2647,324,8,20,0,0,22,0
2648,324,9,15,0,20,0,0
2649,324,10,45,0,17,0,0
2650,324,11,47,0,0,0,30
2651,324,12,47,0,0,0,30
2652,324,13,47,0,0,0,45
2653,325,1,50,0,0,0,0
2654,325,2,42,0,0,0,0
2655,325,3,10,37,0,0,0
2656,325,4,47,47,0,0,0
2657,325,5,27,10,0,0,0
2658,325,6,20,0,0,22,0
2659,325,7,10,27,0,0,0
2660,325,8,20,0,0,22,0
2661,325,9,15,0,20,0,0
2662,325,10,45,0,17,0,0
2663,325,11,47,0,0,0,30
2664,325,12,47,0,0,0,30
2665,325,13,47,0,0,0,45
2666,326,,12,0,85,0,0
2667,327,,25,0,94,0,0
2668,328,,12,0,40,40,0
2669,329,,25,0,75,0,0
2670,330,,12,10,96,0,0
2671,331,,25,0,76,0,0
2672,332,,12,0,89,0,0
2673,333,,12,10,88,0,0
2674,334,,12,0,58,58,0
2675,335,,12,0,30,0,70
2676,336,,12,0,91,0,0
2677,337,,12,0,85,0,0
2678,338,,25,0,92,0,0
2679,339,,25,0,110,0,0
2680,340,,25,0,192,0,0
2681,341,,25,0,0,76,0
2682,342,,25,0,93,0,0
2683,343,,12,10,84,0,0
2684,344,,15,0,0,83,0
2685,345,,15,0,0,85,0
2686,346,,15,0,0,77,0
2687,347,,15,0,0,81,0
2688,348,,40,0,0,40,0
2689,349,,0,0,53,53,0
2690,350,,0,0,0,89,0
2691,351,,0,0,0,30,75
2692,352,,20,20,20,40,0
2693,353,,17,17,0,0,0
2694,354,,26,14,0,0,0
2695,355,,14,26,0,0,0
2696,356,,12,15,0,0,0
2697,357,,15,28,0,0,0
2698,358,,20,26,0,0,0
2699,359,,15,35,0,0,0
2700,360,,21,26,10,0,0
2701,361,,12,15,0,30,0
2702,362,,15,30,0,0,30
2703,363,,27,27,0,0,0
2704,364,,18,26,0,0,0
2705,365,,30,25,0,0,0
2706,366,,45,20,0,0,0
2707,367,,20,15,0,30,0
2708,368,,30,30,0,0,0
2709,369,,0,0,0,0,0
2710,370,,0,0,0,0,0
2711,371,,0,0,0,0,0
2712,372,,0,0,0,0,0
2713,373,,0,0,0,0,0
2714,374,,0,0,0,0,0
2715,375,,0,0,0,0,0
2716,376,,0,0,0,0,0
2717,377,,0,0,0,0,0